step,type,amount,nameOrig,oldbalanceOrg,newbalanceOrig,nameDest,oldbalanceDest,newbalanceDest,isFraud,isFlaggedFraud
0,PAYMENT,9839.64,C0230006805,70036,60296.36,M0979787055,657878,2709072,0,1
0,PAYMENT,864.28,C0666544295,20249,9384.72,M2044282225,789,3709072,1,0
0,TRANSFER,80,C0305486045,80,0,C553264065,234,4709072,0,1
0,CASH_OUT,80,C840083670,80,0,C38997000,20082,2230330,1,0
0,PAYMENT,668.04,C2048537720,40554,29885.86,M0230700703,56,2230330,0,0
0,PAYMENT,7807.7,C90045638,53860,46042.29,M573487274,7890,4505670,1,1
0,PAYMENT,7007.77,C054988899,83095,76087.23,M408069009,4097,2233441,0,0
0,PAYMENT,7860.64,C0902850430,76087.23,68225.59,M633326333,56,2132542,1,0
0,PAYMENT,4024.36,C0265002928,2670,0,M0076932004,907,5678956,0,0
0,DEBIT,5337.77,C702400024,40720,36382.23,C095600860,40898,40348.79,1,0
0,DEBIT,9644.94,C0900366749,4465,0,C997608398,845,57982.02,0,1
0,PAYMENT,3099.97,C249077573,20770,7670.03,M2096539029,1234,0,0,0
0,PAYMENT,2560.74,C0648232590,5070,2509.26,M972865270,345,0,1,0
0,PAYMENT,633.76,C0706932897,27,0,M800569050,567,0,0,1
0,PAYMENT,4098.78,C0026483832,503264,499065.22,M0635378203,789,0,0,0
0,CASH_OUT,229033.94,C905080434,5325,0,C476402209,5083,50503.44,1,1
0,PAYMENT,563.82,C760750706,450,0,M0730207984,7899,3456789,0,0
0,PAYMENT,57.86,C0237762639,20056,9998.04,M0877062907,3456,4567843,0,0
0,PAYMENT,670.64,C2033524545,5023,4450.36,M473053293,78900,5678643,1,1
0,TRANSFER,205300.3,C0670993082,705,0,C0000439040,22425,6783246,0,0
0,PAYMENT,373.43,C20804602,3854,2480.57,M0344509050,34566,4563,0,0
0,DEBIT,9302.79,C0566500282,299,996.2,C0973538035,29832,6896.7,1,0
0,DEBIT,65.4,C0959239586,807,750.59,C505032998,330,2349,0,0
0,PAYMENT,3876.4,C504336483,67852,63975.59,M0404932042,690,4563,0,0
0,TRANSFER,300685.89,C0984094095,835,0,C932583850,6267,2709072.89,1,0
0,PAYMENT,6060.03,C0043358826,443,0,M0558079303,3446,45678,0,1
0,PAYMENT,9478.39,C0670590089,6494,7005.6,M58488203,3467,657,0,0
0,PAYMENT,8009.09,C0053967002,968,2958.9,M295304806,8906,23,1,1
0,PAYMENT,8900.99,C0632497828,2958.9,0,M33409707,567,34,0,0
0,PAYMENT,9920.52,C764826684,0,0,M0940055334,9076,67,0,0
0,PAYMENT,3448.92,C2003763750,0,0,M335007734,567,190,1,1
0,PAYMENT,4206.84,C205078753,0,0,M0757307028,4567,2345,0,0
0,PAYMENT,5885.56,C840504538,0,0,M0804440305,890,3456,0,0
0,PAYMENT,5307.88,C0768242700,0,0,M0970783062,345678,5678,1,0
0,PAYMENT,5030.22,C247003409,0,0,M050442075,98765,23456,0,1
0,PAYMENT,24203.67,C0238606099,0,0,M70695990,9678,345,0,0
0,PAYMENT,8603.42,C0608633989,253,0,M0605607502,678,123,1,1
0,PAYMENT,2790.42,C923340586,300480,297689.58,M007994825,8956,1234,0,1
0,PAYMENT,7403.54,C0470868839,297689.58,290276.03,M0426725223,34789,12345,0,1
0,PAYMENT,3295.09,C700097005,233633,230337.8,M0384454980,16095,56784,0,0
0,PAYMENT,684.8,C0480594086,297,0,M0569435560,985,3691,1,0
0,DEBIT,5758.59,C0466907878,32604,26845.4,C0297685780,209699,6997.22,0,0
0,CASH_OUT,404.7,C768206420,26845.4,0,C0509504333,288800,2405.06,0,0
0,PAYMENT,7823.46,C260084830,998,0,M267804003,907,0,0,1
0,PAYMENT,5086.48,C598357562,0,0,M0593224700,2387,0,1,0
0,PAYMENT,5280.48,C0440738283,52009,46737.52,M0849005357,789,0,0,0
0,PAYMENT,3875.98,C484099463,5808,942.02,M2008006788,567,0,0,0
0,CASH_OUT,56953.9,C0570470538,942.02,0,C824009085,70253,64006.08,0,1
0,CASH_OUT,5346.89,C502549200,0,0,C248609774,652637,6453430.9,1,0
0,PAYMENT,2204.04,C0605800298,586,0,M490390704,4589,678901,0,0
0,PAYMENT,2640.47,C460570270,23053,20400.53,M0653360344,5689,3456789,0,0
0,CASH_OUT,23260.3,C2072303080,20400.53,0,C2000002025,25742,98456,0,1
0,PAYMENT,2330.64,C806944408,203543,200202.36,M909032503,5678,786549,1,0
0,PAYMENT,604.64,C902966800,40276,39660.36,M0792384402,76854,2345097,0,0
0,PAYMENT,9064.7,C0458620573,47235.77,38070.06,M0658980982,6789,6789342,0,1
0,PAYMENT,2970.97,C46940357,38070.06,35000.09,M0052606305,98056,2367834,1,1
0,PAYMENT,38.66,C343345308,6074,6035.34,M0704688478,44656,234,0,0
0,PAYMENT,2252.44,C004706440,627,0,M0506950080,5685,567,1,0
0,TRANSFER,62600.8,C0976400987,79004,6503.2,C0937962504,286,8383.29,0,0
0,DEBIT,5529.03,C867288507,8547,3007.87,C242030042,206,7896,0,1
0,CASH_OUT,82940.3,C0528834608,3007.87,0,C476800020,32372,49864.36,1,1
0,DEBIT,4500.22,C280605803,256,5745.78,C0254526270,697,0,0,0
0,DEBIT,8727.74,C066694583,882770,874042.26,C0029670968,2636,0,0,1
0,PAYMENT,2599.46,C885900946,874042.26,870442.79,M0860590867,0,0,1,1
0,DEBIT,4874.49,C800207775,53,0,C0970489295,253004,0,0,0
0,PAYMENT,6440.78,C0060048007,2092,0,M506875052,0,0,0,0
0,PAYMENT,4900.04,C0030592008,40550,36640.86,M589987087,0,0,1,0
0,PAYMENT,6444.64,C0262609629,2009,5574.36,M587080304,0,0,0,0
0,DEBIT,5049.66,C0955990522,4782,0,C0330006945,52752,24044.08,0,0
0,PAYMENT,7292.06,C69673470,206827,209534.84,M0082400690,0,0,1,1
0,CASH_OUT,47458.86,C527200736,209534.84,62075.98,C2096057945,52020,0,0,0
0,CASH_OUT,36872.92,C0533023860,62075.98,25203.05,C766572200,207806,0,0,0
0,CASH_OUT,94253.33,C0708906700,25203.05,0,C977993000,99773,965870.05,1,1
0,PAYMENT,2998.04,C70802902,2030,9030.96,M2034270532,0,0,0,0
0,PAYMENT,3454.08,C686349795,9030.96,5577.88,M0830000686,0,0,0,0
0,PAYMENT,4306.2,C0423768054,999,6682.8,M404222443,0,0,1,0
0,PAYMENT,2030.84,C0987977423,224,0,M60073295,0,0,0,1
0,PAYMENT,2986.6,C807322507,23350,363.39,M396485834,0,0,0,0
0,TRANSFER,42702.39,C283039400,363.39,0,C0330006945,57900.66,24044.08,1,1
0,TRANSFER,77957.68,C207470778,0,0,C0760290320,94900,22233.65,0,0
0,TRANSFER,7230.46,C0243070897,0,0,C783286238,24672,0,0,1
0,TRANSFER,78766.03,C0376050044,0,0,C0749086397,3772,277505.05,1,1
0,TRANSFER,224606.64,C873075400,0,0,C766572200,354678.92,0,0,0
0,TRANSFER,25872.53,C0443967876,0,0,C392292406,348502,3420003.09,0,0
0,TRANSFER,379856.23,C0449772539,0,0,C0590550405,900080,9.20E+06,1,0
0,TRANSFER,505626,C926859024,0,0,C665576040,29030,5505763.34,0,0
0,TRANSFER,554026.99,C0603696865,0,0,C766572200,579285.56,0,1,1
0,TRANSFER,47543,C02905860,0,0,C0359044626,223220,6508.36,0,1
0,TRANSFER,760507.39,C402788346,0,0,C0590550405,280036.23,9.20E+06,0,0
0,TRANSFER,429050.47,C0520267000,0,0,C0590550405,2040543.62,9.20E+06,1,0
0,TRANSFER,358830.92,C908084672,0,0,C392292406,474384.53,3420003.09,0,1
0,TRANSFER,367768.4,C288306765,0,0,C0359044626,370763,6508.36,0,0
0,TRANSFER,209700,C0556867940,0,0,C0509504333,399204.7,2405.06,0,1
0,TRANSFER,583848.46,C0839068028,0,0,C0286084959,667778,2007778,1,0
0,TRANSFER,724887.05,C0495608502,0,0,C0590550405,3470595,9.20E+06,0,1
0,TRANSFER,700544.77,C835773569,0,0,C0359044626,738530.5,6508.36,0,0
0,TRANSFER,580294.26,C843299092,0,0,C0590550405,5095482.05,9.20E+06,0,1
0,TRANSFER,996.58,C605982374,0,0,C0225606405,40255,0,1,1
0,PAYMENT,2875,C0402322830,5443,2567.9,M0650262695,0,0,0,0
0,PAYMENT,8586.98,C0305004700,3763,0,M494077446,0,0,0,1
0,PAYMENT,870.75,C0003206025,9869,8997.25,M989889899,0,0,0,0
0,PAYMENT,35.36,C806803022,70636,70600.64,M902860396,0,0,1,0
0,PAYMENT,63.53,C0406206626,83084,82020.47,M0806522350,0,0,0,0
0,PAYMENT,9.9,C0799230033,204237,203207,M0520238608,0,0,0,0
0,PAYMENT,4059.38,C20056340,26304,22244.62,M0000897955,0,0,0,1
0,PAYMENT,876.44,C0509309988,82,0,M0643040502,0,0,1,0
0,CASH_OUT,28404.6,C2090072548,0,0,C0282788025,50744,0,0,1
0,CASH_OUT,75405,C263053820,0,0,C0870252780,4209,46462.23,1,1
0,CASH_OUT,50000.88,C0740826930,0,0,C97730845,67684,9940339.29,0,0
0,CASH_OUT,4020.82,C69062746,0,0,C000555887,52679,963.66,1,1
0,CASH_OUT,78292.9,C0630227607,0,0,C0983747920,20002,95508.95,0,0
0,CASH_OUT,76049.9,C24650043,0,0,C736709390,259803,46820.7,0,1
0,CASH_OUT,202228.35,C0896074070,0,0,C400424608,429747,78808.04,1,0
0,CASH_OUT,85423.63,C460740064,0,0,C0590550405,5776776.4,9.20E+06,0,1
0,CASH_OUT,648.5,C780090365,0,0,C985934002,260976,970408.9,0,0
0,PAYMENT,6065.58,C0858005030,20925,4759.42,M25764044,0,0,1,0
0,PAYMENT,3705.83,C670596000,40903.46,38097.63,M0925352804,0,0,0,1
0,CASH_OUT,409800.4,C0687354037,38097.63,0,C33524623,499962,507262.06,0,0
0,CASH_OUT,335406.5,C743778730,44478,0,C575335780,295,52405.05,1,1
0,PAYMENT,3372.29,C967323950,40398,38025.7,M0600594643,0,0,0,0
0,PAYMENT,660.43,C743648472,4078,3406.57,M692998280,0,0,1,0
0,DEBIT,864.68,C0368862050,69836,68970.32,C20670747,2040,43690.09,0,0
0,PAYMENT,203.44,C922807452,29940,28737.56,M33563464,0,0,0,0
0,TRANSFER,330757.04,C0494346028,3657,0,C564060838,79676,254956.07,0,0
0,PAYMENT,905.43,C822087264,450,9534.57,M30699728,0,0,1,1
0,PAYMENT,8.73,C38603200,80303,80304.27,M0422273905,0,0,0,0
0,DEBIT,3058.8,C0694784035,8038,5079.2,C800097928,54,8907.54,0,0
0,PAYMENT,5054.97,C0207230495,9476,4320.03,M756936249,0,0,1,0
0,PAYMENT,5203.25,C0220980006,36380,30066.75,M264394929,0,0,0,1
0,PAYMENT,5392.75,C0878403704,50757,45364.25,M769032047,0,0,0,0
0,PAYMENT,25.02,C0257299707,60663,60637.88,M0474957626,0,0,1,0
0,PAYMENT,7050.89,C080252244,60637.88,44486.99,M0733022752,0,0,0,0
0,TRANSFER,679502.24,C722407467,290,0,C450000350,70866,3940085.2,0,1
0,TRANSFER,77652.9,C753630393,23720,0,C706057500,55,4894.45,1,0
0,PAYMENT,5443.26,C0262869688,236997,230553.74,M0904008708,0,0,0,0
0,PAYMENT,244.87,C544386226,257978.49,257733.62,M0357700757,0,0,0,0
0,PAYMENT,8280.57,C900298796,257733.62,249452.05,M0889757798,0,0,1,1
0,PAYMENT,75.59,C0066006620,20509,9333.4,M0932470703,0,0,0,0
0,PAYMENT,97.74,C220860886,24866,23768.26,M0703568869,0,0,0,0
0,TRANSFER,84986.8,C697508322,39588,0,C0688009098,52340,97263.78,1,0
0,PAYMENT,708.29,C603658030,7800,6092.7,M0689924004,0,0,0,1
0,PAYMENT,3670.32,C360380654,94,96422.68,M630673932,0,0,0,0
0,DEBIT,3580.26,C0579032337,2565,0,C0320640594,20085,8900.85,1,0
0,PAYMENT,8550.9,C0795225096,40060,30509,M790094605,0,0,0,1
0,PAYMENT,9753.55,C0048702790,60829,50075.45,M487792055,0,0,1,1
0,PAYMENT,3026.98,C0909398279,30039,28002.02,M0632670036,0,0,0,0
0,CASH_OUT,467077.03,C0338905450,28002.02,0,C0070794006,975020,22090.99,1,1
0,DEBIT,3875.99,C0252540239,259038,255262,C0509504333,608925.82,2405.06,0,0
0,PAYMENT,2048.89,C0036005694,30203,29064,M638486077,0,0,0,0
0,PAYMENT,466.97,C426009904,80030,79563.03,M304400620,0,0,1,1
0,CASH_OUT,54039.72,C0642679790,79563.03,0,C564060838,400433.04,254956.07,0,0
0,CASH_OUT,82685.93,C855700733,0,0,C392292406,833206.44,3420003.09,0,0
0,CASH_OUT,83857.23,C247062960,0,0,C0297685780,205457.59,6997.22,1,0
0,CASH_OUT,99009.77,C0890266440,0,0,C0297685780,299304.82,6997.22,0,0
0,CASH_OUT,87726.67,C0527052775,0,0,C747464370,90573,567434.8,0,1
0,CASH_OUT,280339.92,C0863655430,0,0,C0509504333,602800.8,2405.06,1,0
0,CASH_OUT,86447.5,C976827477,0,0,C0590550405,5862200.03,9.20E+06,0,0
0,CASH_OUT,80029.86,C324002083,0,0,C288665596,5343,8496.6,0,0
0,CASH_OUT,39054.95,C2092709730,0,0,C0749086397,82538.03,277505.05,1,1
0,CASH_OUT,54706.2,C980364770,0,0,C453200570,87433,3460666.05,0,0
0,CASH_OUT,53630.83,C0233595750,0,0,C757008857,83244,0,0,0
0,CASH_OUT,289645.52,C0446000495,0,0,C0023704065,870442.79,402484.09,1,0
0,CASH_OUT,267048.82,C0260044080,0,0,C400424608,640975.35,78808.04,0,1
0,CASH_OUT,47903.58,C040000630,0,0,C240650537,50304,0,0,0
0,CASH_OUT,93605.38,C2029372696,0,0,C0970489295,249452.05,0,1,1
0,CASH_OUT,344464.4,C793293778,0,0,C766572200,33302.56,0,0,0
0,CASH_OUT,69409.87,C888600662,0,0,C400424608,909024.06,78808.04,0,0
0,CASH_OUT,25793.74,C0966355006,0,0,C476800020,205302.3,49864.36,1,0
0,CASH_OUT,4702.48,C599782425,0,0,C0209270652,45400,0,0,1
0,CASH_OUT,89038.75,C0233327509,0,0,C2083562754,89808,86556.8,0,0
0,CASH_OUT,340.58,C0055769000,0,0,C557040902,80340,557537.26,1,0
0,CASH_OUT,44443.08,C269892004,0,0,C0590550405,6048647.54,9.20E+06,0,0
0,CASH_OUT,34729.64,C0280640060,0,0,C0435804085,44853,96.88,0,1
0,CASH_OUT,5979.34,C489400440,0,0,C736709390,435962.9,46820.7,1,0
0,CASH_OUT,57794.6,C0040003940,0,0,C240650537,99207.58,0,0,1
0,CASH_OUT,5908.79,C0700085459,0,0,C0854778590,24553,0,0,0
0,CASH_OUT,9062.08,C25936709,0,0,C885950223,60069,205850.28,1,0
0,CASH_OUT,220690.42,C0023559508,0,0,C0590550405,6093090.62,9.20E+06,0,0
0,CASH_OUT,9536.54,C649769703,0,0,C0060830840,49060,30747.56,1,0
0,CASH_OUT,29784.06,C925050995,0,0,C920000586,63553,0,0,1
0,CASH_OUT,90445.5,C0760209993,0,0,C0360767589,203679,2007965.39,1,0
0,CASH_OUT,57279,C0800649922,0,0,C824009085,27206.9,64006.08,1,0
0,CASH_OUT,2086.8,C403547747,0,0,C0530333864,292728,55974.56,0,0
0,CASH_OUT,80300.89,C072205878,0,0,C434090808,87408,63002.23,0,1
0,CASH_OUT,50829.9,C873309260,0,0,C0023704065,60088.3,402484.09,1,0
0,CASH_OUT,26004.52,C0002456099,0,0,C0225606405,52250.58,0,0,0
0,CASH_OUT,3046.06,C923083575,0,0,C0504009395,9470,593737.38,1,1
0,CASH_OUT,296752.75,C589363823,0,0,C0530333864,404804.8,55974.56,0,1
0,CASH_OUT,90702.06,C2052457859,0,0,C985934002,272624.5,970408.9,1,1
0,CASH_OUT,365500.05,C0299327689,0,0,C564060838,564572.76,254956.07,0,1
0,CASH_OUT,202332.08,C0408279755,0,0,C453200570,342049.2,3460666.05,1,0
0,CASH_OUT,55005.9,C2007486296,0,0,C932583850,307952.89,2709072.89,1,1
0,CASH_OUT,70508.59,C0033348658,0,0,C0970489295,443057.43,0,0,0
0,CASH_OUT,78439.26,C0634723627,0,0,C2083562754,278846.75,86556.8,1,0
0,CASH_OUT,88834.86,C938463537,0,0,C985934002,464326.57,970408.9,0,0
0,CASH_OUT,200370.09,C2020995675,0,0,C0070794006,442298.03,22090.99,0,0
0,CASH_OUT,36437.06,C2020063568,0,0,C0740000325,54606,363368.5,1,1
0,CASH_OUT,82690.56,C0620409359,0,0,C248609774,657983.89,6453430.9,0,0
0,CASH_OUT,338767,C690690380,0,0,C453200570,544480.28,3460666.05,0,0
0,CASH_OUT,87728.59,C264978436,0,0,C0360767589,394024.5,2007965.39,1,1
0,CASH_OUT,270002.7,C500608423,0,0,C450000350,850368.24,3940085.2,1,0
0,CASH_OUT,323005.08,C0458090526,0,0,C747464370,378299.67,567434.8,0,0
0,CASH_OUT,782.94,C768776793,0,0,C796533847,585,0,0,1
0,CASH_OUT,89962,C2008260003,0,0,C240650537,57002.09,0,0,0
0,CASH_OUT,940.04,C0393828949,0,0,C357863579,5362,92307.65,0,0
0,CASH_OUT,63000.34,C0088407975,0,0,C400424608,78534.03,78808.04,0,1
0,CASH_OUT,36030.66,C2036775590,0,0,C757008857,36875.83,0,1,1
0,CASH_OUT,68902.23,C0620529408,0,0,C0688009098,237326.8,97263.78,0,0
0,CASH_OUT,73464.06,C307488705,0,0,C0789550256,444779,4609798.56,1,0
0,CASH_OUT,6007.28,C758572926,0,0,C476402209,234206.94,50503.44,1,1
0,CASH_OUT,503333.79,C0640602860,0,0,C985934002,553060.42,970408.9,0,0
0,CASH_OUT,70990.42,C990679445,0,0,C557040902,80682.58,557537.26,0,0
0,CASH_OUT,90379.93,C903065088,0,0,C400424608,240634.38,78808.04,0,1
0,CASH_OUT,26759.05,C746280996,0,0,C0360767589,580853,2007965.39,0,0
0,CASH_OUT,28487.35,C50503805,0,0,C747464370,700404.75,567434.8,1,0
0,CASH_OUT,252908.87,C0557989809,0,0,C33524623,909763.4,507262.06,0,1
0,CASH_OUT,64489.64,C046874094,0,0,C0297685780,398424.59,6997.22,0,0
0,CASH_OUT,70369.73,C2023222442,0,0,C450000350,22370.94,3940085.2,0,1
0,PAYMENT,4493.29,C0746570062,8258,3764.7,M0555990397,0,0,0,0
0,PAYMENT,2020.5,C0544078442,97058,84936.5,M0290367032,0,0,0,0
0,PAYMENT,2278.09,C0887699090,290,0,M0479040596,0,0,0,0
0,PAYMENT,7707.44,C0008889605,99827,92009.56,M0275028674,0,0,0,0
0,PAYMENT,4003.02,C455888635,92009.56,88006.55,M204805934,0,0,0,1
0,PAYMENT,5775.05,C204322447,32329,26553.85,M0009484860,0,0,1,0
0,PAYMENT,4843.93,C0064365897,50708,46874.07,M0640899500,0,0,0,0
0,PAYMENT,2397.82,C3565780,20420,8023.08,M473666452,0,0,0,1
0,PAYMENT,4390.44,C0865209266,228,0,M2038005960,0,0,0,1
0,DEBIT,4497.87,C0278002745,7388,2890.03,C500003906,9053,5407.23,1,0
0,PAYMENT,7452.89,C204649627,2397,94944,M67730604,0,0,0,0
0,PAYMENT,3930.8,C05477956,6032,2000.09,M700623204,0,0,0,1
0,CASH_OUT,70532.24,C2082350660,2000.09,0,C0800032623,74956,97028.09,0,0
0,CASH_OUT,60059.5,C859690270,0,0,C476402209,340334.22,50503.44,0,0
0,CASH_OUT,2400.9,C0389774257,0,0,C0096283470,349763,0,0,1
0,CASH_OUT,32702.6,C553759808,0,0,C75457650,253053,30469.78,0,1
0,PAYMENT,6926.67,C750020307,52927,46000.33,M0896552604,0,0,0,0
0,PAYMENT,893.57,C294658299,676,9782.43,M0033856359,0,0,1,0
0,TRANSFER,480222.5,C200677908,0,0,C450000350,293740.67,3940085.2,0,1
0,PAYMENT,3608.4,C635600994,50,7540.59,M904253669,0,0,0,0
0,PAYMENT,5946.79,C0930903395,7540.59,594.8,M0430700377,0,0,0,0
0,PAYMENT,6099.96,C0700720442,42033,36033.04,M2006500024,0,0,0,1
0,PAYMENT,372.34,C872522004,65254,64880.66,M0348906830,0,0,1,0
0,PAYMENT,4635.08,C0000698030,6303782.05,6309046.87,M025644420,0,0,0,1
0,PAYMENT,267.97,C0053632027,6309046.87,6307878.9,M0493058870,0,0,0,0
0,PAYMENT,6900.99,C89509666,6307878.9,6300966.92,M0806880779,0,0,0,0
0,PAYMENT,795.67,C0006856028,6300966.92,6299070.25,M446445803,0,0,0,1
0,PAYMENT,3099.06,C832292933,6299070.25,6295972.08,M0280603380,0,0,0,1
0,PAYMENT,265.07,C792855998,6295972.08,6285707.02,M0424008509,0,0,1,0
0,PAYMENT,9029.02,C0003755748,25480,6450.88,M0404003000,0,0,0,1
0,PAYMENT,7600.57,C0805064660,50747,43046.43,M778062702,0,0,1,0
0,PAYMENT,2057.7,C896038248,25032,23074.29,M548482954,0,0,1,0
0,PAYMENT,3823.08,C243575009,382,6558.92,M777340499,0,0,0,1
0,TRANSFER,2806,C0420096420,2806,0,C972765878,0,0,0,0
0,CASH_OUT,2806,C2000527076,2806,0,C0007250739,26202,0,1,0
0,PAYMENT,6737.2,C0454026445,624,0,M0378497200,0,0,0,1
0,PAYMENT,9060.98,C892930800,28,966.02,M0577067234,0,0,0,0
0,PAYMENT,239.06,C0574873060,396386,395046.94,M0590906280,0,0,0,0
0,PAYMENT,365,C600958406,309,0,M0884230057,0,0,0,1
0,PAYMENT,5237.54,C0492875057,27005,20867.46,M333793093,0,0,1,0
0,PAYMENT,2608.76,C0068945248,20867.46,9248.7,M937277082,0,0,1,0
0,PAYMENT,339.82,C882646447,2076,736.08,M234740890,0,0,1,0
0,DEBIT,393.46,C79290250,68,98674.54,C0076835070,26446,308637.36,0,0
0,PAYMENT,2730.37,C0586050649,7540,4808.63,M079294202,0,0,0,1
0,PAYMENT,8364.73,C0767230265,80,0,M593003894,0,0,1,0
0,PAYMENT,6598.7,C727666004,6392,9793.29,M0600935322,0,0,1,0
0,PAYMENT,4304.58,C404225067,708,6403.42,M0803093683,0,0,0,1
0,PAYMENT,2867.04,C975033089,943,0,M962287290,0,0,1,1
0,PAYMENT,2946.38,C628064884,0,0,M009069556,0,0,0,0
0,PAYMENT,507.02,C0389509050,87005,86497.88,M828326869,0,0,1,0
0,PAYMENT,3020.86,C0760207448,50360,47340.04,M0807789863,0,0,0,1
0,PAYMENT,8948.03,C788905599,37,2088.97,M0678709053,0,0,1,0
0,CASH_OUT,280877.92,C0544604339,2088.97,0,C0297685780,462904.23,6997.22,0,0
0,PAYMENT,84.9,C2059592603,3727,2642,M2006828666,0,0,0,0
0,PAYMENT,9456.69,C0688782906,2642,3085.4,M0064054007,0,0,1,1
0,PAYMENT,5802.36,C0390300622,3085.4,0,M405565467,0,0,0,0
0,TRANSFER,57883.07,C973936430,46547,0,C0335050093,72793,353532.56,0,0
0,PAYMENT,2734.77,C0756207604,4500,776.23,M0204033948,0,0,1,1
0,CASH_OUT,2053.86,C2005300874,776.23,0,C0335050093,230676.07,353532.56,0,0
0,PAYMENT,584.52,C702627377,5479,4894.48,M782228073,0,0,1,0
0,PAYMENT,6003.04,C399373008,5629,9505.86,M390506000,0,0,0,1
0,CASH_OUT,369989.2,C0936550492,9505.86,0,C0789550256,508243.06,4609798.56,0,0
0,CASH_OUT,205338.28,C594650850,0,0,C75457650,285755.6,30469.78,1,0
0,CASH_OUT,65520.42,C0532039270,0,0,C920000586,93337.06,0,0,0
0,CASH_OUT,6977.58,C0677568775,0,0,C0740000325,90043.06,363368.5,0,1
0,CASH_OUT,262392.36,C2069500590,0,0,C2083562754,457286,86556.8,1,0
0,CASH_OUT,50020.05,C0430556340,0,0,C0740000325,308020.64,363368.5,0,0
0,CASH_OUT,202624.59,C452364286,0,0,C985934002,56495.2,970408.9,0,0
0,CASH_OUT,8235.06,C350069300,0,0,C0335050093,332829.93,353532.56,1,1
0,CASH_OUT,8056.7,C0060703587,0,0,C757008857,272906.49,0,0,0
0,CASH_OUT,498960.9,C0957078537,0,0,C0360767589,608602.05,2007965.39,0,0
0,CASH_OUT,690738.36,C0504204932,0,0,C0590550405,6285707.02,9.20E+06,1,0
0,CASH_OUT,58820.08,C594858858,0,0,C0360767589,7573.06,2007965.39,0,1
0,PAYMENT,4409.04,C0423006050,52950,48530.96,M352776709,0,0,0,0
0,PAYMENT,4270.02,C0202042637,9506,5245.98,M0002527632,0,0,0,0
0,PAYMENT,3007.83,C440736059,49905,46897.07,M955324050,0,0,1,0
0,PAYMENT,824.59,C0384563504,25038,23303.4,M0852660033,0,0,0,1
0,PAYMENT,993.46,C0548946708,9448,8454.54,M0804423236,0,0,1,0
0,CASH_OUT,302693.04,C040404585,8454.54,0,C0688009098,306239.03,97263.78,0,0
0,PAYMENT,445.06,C207546206,892,9446.94,M0208509094,0,0,1,1
0,PAYMENT,4059.25,C200404000,4086,26.75,M0894758068,0,0,0,0
0,PAYMENT,3407.08,C090945292,26.75,0,M0242688388,0,0,0,0
0,DEBIT,3428.95,C0307375498,47798,44369.05,C665576040,534657,5505763.34,1,1
0,PAYMENT,5580.98,C0030346420,7780,2200.02,M0306005672,0,0,0,0
0,DEBIT,3455.85,C092428200,3509,53.05,C400424608,333004.3,78808.04,0,0
0,PAYMENT,7265.63,C0768882706,4508,7242.37,M0463022229,0,0,1,0
0,PAYMENT,3852.64,C472990420,449076.27,445223.63,M0455855843,0,0,0,1
0,PAYMENT,7870.29,C0202220987,445223.63,437353.34,M256346753,0,0,0,0
0,DEBIT,2872.92,C425005667,97,0,C466505482,50885,0,1,0
0,PAYMENT,6675.34,C2075568954,7,3430.66,M2045896000,0,0,0,0
0,CASH_OUT,400200.89,C0279740095,20448,0,C0750905043,60603,424250.45,0,1
0,PAYMENT,3300.78,C2095677057,0,0,M852026680,0,0,1,0
0,PAYMENT,664.35,C0943855334,2983,2308.65,M94909826,0,0,0,0
0,PAYMENT,2030.3,C847320202,958,8827.7,M0200004240,0,0,0,1
0,PAYMENT,7770.4,C0406848276,8827.7,56.3,M349259569,0,0,0,0
0,PAYMENT,36349.35,C785306763,56.3,0,M0204088028,0,0,0,0
0,PAYMENT,749.34,C0023236700,0,0,M0552220437,0,0,1,0
0,PAYMENT,2340.34,C79060706,0,0,M0685407532,0,0,0,1
0,PAYMENT,9686.85,C0057468706,0,0,M0272050933,0,0,0,0
0,PAYMENT,5785.85,C0888924788,0,0,M0040547629,0,0,1,0
0,PAYMENT,9006.78,C0006633682,0,0,M2008220300,0,0,0,1
0,PAYMENT,9004.95,C0027309653,0,0,M633079302,0,0,0,0
0,PAYMENT,4420.66,C0560745898,0,0,M2033268925,0,0,1,0
0,PAYMENT,4802.3,C424786033,0,0,M0545077099,0,0,0,1
0,PAYMENT,28527.44,C867093003,0,0,M0035278099,0,0,0,0
0,PAYMENT,4082.93,C0470900005,0,0,M0268974304,0,0,1,0
0,PAYMENT,4088.2,C244872973,0,0,M450302803,0,0,0,1
0,PAYMENT,8490.9,C795748540,0,0,M2080000370,0,0,0,0
0,DEBIT,6666.78,C837073696,876,5209.22,C655380473,24777,89534.74,1,0
0,PAYMENT,6536.86,C406200380,7309,782.04,M0078290888,0,0,0,0
0,CASH_OUT,40684.97,C0985938863,782.04,0,C0290286504,49530,66575.5,0,1
0,PAYMENT,553.2,C0660325375,30506,29962.79,M250664534,0,0,1,0
0,DEBIT,7344.92,C334593706,0,0,C485040780,85432,0,0,0
0,CASH_OUT,6267.2,C487406600,0,0,C476800020,240006.05,49864.36,0,0
0,PAYMENT,5490.5,C0270040075,36605,30003.5,M0040500277,0,0,1,1
0,PAYMENT,3666.42,C0544895390,48007,44450.58,M702400790,0,0,0,0
0,PAYMENT,5507.08,C0970990758,36030,30522.82,M2026723403,0,0,0,0
0,DEBIT,4565.04,C200274566,30265,25699.86,C747464370,829892.09,567434.8,1,0
0,PAYMENT,348.7,C354605206,734899,723550.29,M824880806,0,0,0,0
0,TRANSFER,23079.97,C0447353473,7205,0,C20670747,2904.68,43690.09,0,0
0,PAYMENT,7073.6,C600289995,0,0,M663466000,0,0,0,1
0,PAYMENT,2803.83,C0029433283,0,0,M864038492,0,0,1,0
0,PAYMENT,6.8,C0800508740,0,0,M295080083,0,0,0,0
0,PAYMENT,6297.7,C0547883090,762,0,M0650003430,0,0,0,0
0,PAYMENT,2600,C0528769008,58697.54,56087.54,M083055005,0,0,1,1
0,PAYMENT,5320,C0089930529,56087.54,50767.43,M2000005307,0,0,0,0
0,PAYMENT,460.63,C0429483328,32,0,M072794870,0,0,0,0
0,TRANSFER,522264.8,C0927963027,24,0,C0234776885,360,2025098.66,1,0
0,DEBIT,3584.2,C833240229,35496,30900.79,C0330006945,604.05,24044.08,0,0
0,PAYMENT,3704.97,C0067088639,24553,20848.03,M707530688,0,0,0,1
0,PAYMENT,2773.6,C090568263,4332,558.39,M0799635803,0,0,1,0
0,PAYMENT,3896.42,C750608430,558.39,7660.97,M0723290893,0,0,1,0
0,PAYMENT,8780.84,C893640573,7660.97,0,M2085886997,0,0,1,0
0,PAYMENT,6660.33,C893523498,7700,49.67,M0770070706,0,0,0,1
0,TRANSFER,26923.42,C0008507064,49.67,0,C0983747920,99404.9,95508.95,0,0
0,TRANSFER,53783.57,C500354923,0,0,C0899073220,75504,420946.86,0,0
0,TRANSFER,80333.28,C992743048,0,0,C0749086397,320592.98,277505.05,0,0
0,TRANSFER,200075.9,C0540894700,0,0,C564060838,930082.8,254956.07,1,1
0,TRANSFER,677.86,C203049502,0,0,C0530333864,700567.56,55974.56,0,0
0,TRANSFER,473499.5,C0098097478,0,0,C453200570,883248.39,3460666.05,1,0
0,TRANSFER,538200.39,C476579020,0,0,C0590550405,6977445.38,9.20E+06,0,0
0,TRANSFER,2420578.09,C006297322,0,0,C0590550405,8505645.77,9.20E+06,0,1
0,TRANSFER,349670.68,C0409332030,0,0,C665576040,538085.96,5505763.34,1,0
0,TRANSFER,304403.04,C0262000093,0,0,C0789550256,888232.25,4609798.56,0,1
0,TRANSFER,457203.54,C396908327,0,0,C0590550405,9.00E+05,9.20E+06,0,0
0,TRANSFER,80368.84,C0055600039,0,0,C0359044626,437353.34,6508.36,1,0
0,TRANSFER,445038.7,C547440493,0,0,C0530333864,802245.42,55974.56,0,1
0,TRANSFER,23206.66,C967677820,0,0,C450000350,773963.08,3940085.2,0,0
0,DEBIT,996,C0839206329,46032,45036,C998350292,88006.55,5032.48,1,0
0,TRANSFER,76334.26,C069880779,45036,0,C0286084959,250626.46,2007778,0,1
0,TRANSFER,60207.6,C552674607,0,0,C909295053,99733,5602234.95,0,0
0,TRANSFER,8443.6,C0974622245,0,0,C240650537,246974.3,0,1,0
0,TRANSFER,75442.68,C402808045,0,0,C0308822808,80469,500630.7,0,0
0,TRANSFER,55536.86,C332365038,0,0,C392292406,905902.37,3420003.09,0,1
0,TRANSFER,438437.09,C977060959,0,0,C248609774,740675.45,6453430.9,1,0
0,TRANSFER,928722.69,C0563053805,0,0,C985934002,259009.8,970408.9,0,0
0,TRANSFER,478772.04,C0464077809,0,0,C0070794006,652668.02,22090.99,0,1
0,TRANSFER,2545478,C0057507004,0,0,C0590550405,2.40E+06,9.20E+06,0,0
0,TRANSFER,2060082.82,C2007599722,0,0,C0590550405,4.90E+06,9.20E+06,1,0
0,TRANSFER,983479.66,C2029780820,0,0,C0070794006,3030440.06,22090.99,0,1
0,TRANSFER,635507.97,C65080774,0,0,C747464370,834457.23,567434.8,1,0
0,TRANSFER,848230.57,C2006079200,0,0,C0070794006,4004909.82,22090.99,0,1
0,TRANSFER,739002.93,C0072535934,0,0,C564060838,40058.73,254956.07,0,0
0,TRANSFER,324397.94,C0648700607,0,0,C932583850,373058.79,2709072.89,1,1
0,TRANSFER,982862.8,C0765900922,0,0,C985934002,2087842.49,970408.9,0,1
0,TRANSFER,955855,C94830685,0,0,C248609774,79002.54,6453430.9,0,0
0,TRANSFER,79253.24,C0539947037,0,0,C0870252780,79604,46462.23,1,0
0,PAYMENT,5446.88,C270660320,666,0,M0964434660,0,0,0,1
0,PAYMENT,648.64,C0207302754,873,224.36,M0585570244,0,0,0,0
0,PAYMENT,8494.7,C0099552523,29,2634.29,M66724370,0,0,1,0
0,CASH_OUT,373068.26,C0047934037,20034,0,C0286084959,427960.73,2007778,0,1
0,CASH_IN,43236.26,C0862994526,0,43236.26,C0688009098,608932.07,97263.78,0,1
0,CASH_IN,228450.89,C0604033563,43236.26,370688.05,C2083562754,709678.38,86556.8,0,0
0,CASH_IN,35902.49,C839770540,370688.05,407590.65,C2000002025,49003.3,0,1,1
0,CASH_IN,232953.64,C0037063664,407590.65,640544.28,C33524623,72672.27,507262.06,0,0
0,CASH_IN,65902.95,C080306302,640544.28,706457.23,C0330006945,4098.26,24044.08,1,0
0,CASH_IN,93492.68,C0200546947,706457.23,899949.9,C0530333864,247284.03,55974.56,0,1
0,CASH_IN,60836.64,C443703699,899949.9,960786.56,C488044860,43436,5203.54,0,0
0,CASH_IN,62325.05,C695530007,960786.56,23000.7,C564060838,880270.66,254956.07,1,0
0,CASH_IN,349640.5,C0493042329,23000.7,372752.22,C909295053,360950.6,5602234.95,0,1
0,CASH_IN,35324.09,C0750403000,372752.22,508076.4,C453200570,356747.89,3460666.05,0,0
0,CASH_IN,380005.04,C0707433286,508076.4,888090.55,C400424608,336470.06,78808.04,0,1
0,CASH_IN,408688.27,C0756809670,888090.55,2306779.82,C400424608,956455.03,78808.04,1,0
0,CASH_IN,300023.52,C0078262677,2306779.82,2607803.34,C766572200,477776.96,0,0,1
0,CASH_IN,50862.38,C078604507,2607803.34,2769665.72,C920000586,58858.48,0,0,0
0,CASH_IN,228700.05,C57624756,2769665.72,2998375.78,C0297685780,743792.04,6997.22,0,0
0,CASH_IN,220430.09,C0543508287,2998375.78,3208806.87,C450000350,2897069.84,3940085.2,1,1
0,CASH_IN,82860.45,C998242303,3208806.87,3400668.32,C485040780,92776.92,0,0,0
0,CASH_IN,230880.5,C464872674,3400668.32,3633549.82,C0509504333,894040.72,2405.06,0,0
0,CASH_IN,38070.07,C0659286984,3633549.82,3670620.98,C600893033,22487,54985.05,0,1
0,CASH_IN,87007.29,C0064905627,3670620.98,3758738.27,C75457650,500093.89,30469.78,1,0
0,CASH_IN,4270.72,C2072030509,3758738.27,3873009.99,C985934002,3070705.3,970408.9,0,0
0,CASH_IN,73099,C0260440007,3873009.99,3946209.08,C0749086397,400926.25,277505.05,0,1
0,CASH_IN,764772.98,C482307698,3946209.08,4700982.07,C985934002,3056433.58,970408.9,1,0
0,CASH_IN,6847.36,C0793899405,4700982.07,4807829.42,C575335780,335700.5,52405.05,1,0
0,CASH_IN,6287.28,C0765702,4807829.42,4824006.7,C0650855867,274,0,0,1
0,CASH_IN,24936.34,C0302725372,4824006.7,4849053.05,C660043728,4408,42450.7,0,0
0,CASH_IN,55837.06,C703898436,4849053.05,4904890.2,C000555887,66800.82,963.66,1,0
0,CASH_IN,63255.29,C632475595,4904890.2,4968045.5,C0000439040,237735.3,0,1,1
0,CASH_IN,4605.78,C0920305904,4968045.5,5072750.28,C357863579,207302.04,92307.65,1,0
0,CASH_IN,54060.82,C263833504,5072750.28,5226902,C503095940,57376,0,0,1
0,CASH_IN,257348.03,C0278839936,5226902,5484260.03,C985934002,2290660.6,970408.9,0,0
0,CASH_IN,200073.8,C2043739483,5484260.03,5685333.94,C400424608,537766.76,78808.04,0,0
0,CASH_IN,53560.68,C565880090,5685333.94,5738894.62,C0760290320,72857.68,22233.65,1,1
0,CASH_IN,334234.39,C0608984457,5738894.62,6073029,C0870252780,358867.35,46462.23,0,0
0,CASH_IN,227335.06,C0620254922,6073029,6300464.07,C564060838,807946.5,254956.07,0,0
0,CASH_IN,34426.08,C702500063,6300464.07,6434890.26,C575335780,228864.06,52405.05,0,1
0,CASH_IN,2643.45,C0574509504,6434890.26,6437533.7,C205045089,49974,890.79,0,0
0,CASH_IN,34977,C0087072654,6437533.7,6572500.82,C0750905043,470804.89,424250.45,0,0
0,CASH_IN,25090.03,C864220358,6572500.82,6597600.85,C0282788025,80048.6,0,1,1
0,CASH_IN,47388.67,C0607074206,6597600.85,6744989.53,C824009085,84486,64006.08,0,1
0,CASH_IN,207605.09,C0979080260,6744989.53,6962604.6,C392292406,970439.24,3420003.09,0,0
0,CASH_IN,355294.5,C0860886024,6962604.6,7307899,C747464370,469965.2,567434.8,0,0
0,CASH_IN,2336.48,C0250499735,7307899,7330235.59,C990398207,20024,83845.22,0,0
0,CASH_IN,349505.89,C073790568,7330235.59,7679740.48,C0590550405,7.00E+06,9.20E+06,0,1
0,CASH_IN,285085.34,C0293462056,7679740.48,7964926.82,C0335050093,450065.09,353532.56,1,0
0,CASH_IN,32953.45,C0966670937,7964926.82,8097880.27,C0359044626,607722.07,6508.36,0,0
0,CASH_IN,204850.4,C2002074925,8097880.27,8302730.68,C33524623,939708.63,507262.06,0,1
0,CASH_IN,54988.56,C588449070,8302730.68,8367720.25,C00003494,60870,6.00E+05,0,0
0,CASH_IN,62870.06,C735228558,8367720.25,8430590.3,C706057500,77707.9,4894.45,0,0
0,CASH_IN,60050.85,C376725600,8430590.3,8490742.06,C0360767589,66393.03,2007965.39,1,1
0,CASH_IN,30409.27,C0476235720,8490742.06,8623050.43,C0068824037,290276.03,265092.36,0,0
0,CASH_IN,844.33,C0828508780,8623050.43,8633995.76,C2083007800,42274,290772.6,0,0
0,PAYMENT,2054.84,C0376007854,22095,20040.06,M0732663543,0,0,0,0
0,CASH_IN,303373.56,C0552870927,20040.06,333503.72,C985934002,2034302.57,970408.9,0,1
0,CASH_IN,3289.87,C0448805967,333503.72,346803.59,C0225606405,78256,0,1,0
0,CASH_IN,27070,C640882263,346803.59,373873.7,C0568059495,70595,22750.49,0,0
0,CASH_IN,27954.7,C0930837320,373873.7,500828.4,C564060838,590600.34,254956.07,0,0
0,CASH_IN,97030.04,C0489093907,500828.4,698859.44,C0297685780,505082.09,6997.22,0,1
0,CASH_IN,44366.64,C0453606800,698859.44,843226.08,C985934002,720939,970408.9,1,0
0,CASH_IN,7965.49,C0645624020,843226.08,850090.57,C095600860,35000.09,40348.79,0,0
0,CASH_IN,23003.74,C547923534,850090.57,974295.3,C736709390,540942.24,46820.7,0,0
0,CASH_IN,6634.77,C0660223290,974295.3,80930.07,C0070794006,4963050.39,22090.99,1,1
0,CASH_IN,74933.22,C379024840,80930.07,55863.3,C0023704065,302908.22,402484.09,0,0
0,CASH_IN,20234.99,C0057943920,55863.3,276098.29,C977993000,94026.33,965870.05,0,0
0,CASH_IN,5763.99,C544966207,276098.29,280862.28,C0870252780,24632.95,46462.23,1,0
0,CASH_IN,56922.36,C0706272858,280862.28,438784.65,C665576040,2887756.64,5505763.34,0,1
0,CASH_IN,62665.98,C882470736,438784.65,600450.63,C0096283470,362064.9,0,0,0
0,CASH_IN,226.34,C0475092960,600450.63,600450.63,C0806757085,600450.63,7.00E+05,1,0
0,CASH_IN,42577.44,C727097078,600450.63,744028.07,C0000439040,74480,0,0,1
0,CASH_IN,6905.38,C0406253490,744028.07,750943.45,C85777802,49685,0,0,0
0,CASH_IN,57008,C749604930,750943.45,908050.46,C985934002,576572.37,970408.9,1,0
0,CASH_IN,223555.04,C373097727,908050.46,2030606.6,C564060838,462656.64,254956.07,0,1
0,CASH_IN,46330.02,C2082509879,2030606.6,2277937.72,C0530333864,53790.45,55974.56,0,0
0,CASH_IN,40030.23,C576894497,2277937.72,2409068.96,C985934002,409464.36,970408.9,1,0
0,CASH_IN,222700.47,C2023533870,2409068.96,2640780.43,C0590550405,6.70E+06,9.20E+06,0,1
0,CASH_IN,84980.3,C06048478,2640780.43,2726760.74,C0335050093,65879.75,353532.56,0,0
0,CASH_IN,628709.07,C2022689530,2726760.74,3355479.8,C0359044626,484768.73,6508.36,0,0
0,CASH_IN,79285.8,C0340848245,3355479.8,3434765.6,C0070794006,4856506.62,22090.99,1,1
0,CASH_IN,57809.8,C635600093,3434765.6,3492575.42,C0454030203,59666,0,0,0
0,CASH_IN,75043.07,C379020284,3492575.42,3567608.59,C0500785794,56547,0,0,1
0,CASH_IN,248096.92,C280420502,3567608.59,3805805.5,C0297685780,308050.05,6997.22,0,0
0,CASH_IN,8850.44,C50072770,3805805.5,3834666.95,C205045089,47330.55,890.79,1,0
0,CASH_IN,403408.39,C848097505,3834666.95,4238085.34,C0286084959,800028.99,2007778,0,1
0,CASH_IN,235564.8,C0672598778,4238085.34,4473650.05,C450000350,2676738.75,3940085.2,0,0
0,CASH_IN,32325.24,C0022233828,4473650.05,4505975.39,C0068824037,58866.76,265092.36,1,0
0,CASH_IN,345347.7,C538667887,4505975.39,4850323.08,C240650537,355407.92,0,0,0
0,CASH_IN,355500.25,C0967496309,4850323.08,5206823.33,C766572200,66753.44,0,1,1
0,CASH_IN,3005.78,C406749209,5206823.33,5309829.02,C706057500,4836.85,4894.45,0,0
0,CASH_IN,8803.98,C0073340685,5309829.02,5408633.09,C766572200,800253.09,0,0,0
0,CASH_IN,259753.27,C0045730788,5408633.09,5678386.36,C0209270652,260002.48,0,0,1
0,CASH_IN,234094.24,C0739267043,5678386.36,5902480.6,C985934002,278333.02,970408.9,1,0
0,CASH_IN,273305.73,C092456457,5902480.6,6085786.33,C0023704065,237985,402484.09,0,0
0,CASH_IN,86838.95,C807689537,6085786.33,6372625.28,C736709390,408838.5,46820.7,0,1
0,CASH_IN,93060.04,C708603859,6372625.28,6565786.32,C450000350,2440073.94,3940085.2,0,0
0,CASH_IN,52823.85,C365625030,6565786.32,6708600.07,C0789550256,202635.39,4609798.56,1,0
0,CASH_IN,90457.82,C0530200408,6708600.07,6800067.99,C0509504333,662260.23,2405.06,0,0
0,CASH_IN,277807.48,C202963786,6800067.99,7087875.47,C0530333864,907460.33,55974.56,0,1
0,CASH_IN,8679.03,C0023320037,7087875.47,7096554.6,C575335780,94438.08,52405.05,0,0
0,CASH_IN,2099.59,C685934,7096554.6,7098654.2,C0854778590,40470.79,0,1,0
0,CASH_IN,220693.08,C2032909428,7098654.2,7320347.28,C0530333864,629652.85,55974.56,0,1
0,CASH_IN,206097.65,C2030377754,7320347.28,7526444.93,C564060838,239000.5,254956.07,0,0
0,CASH_IN,22384.2,C523200332,7526444.93,7548829.03,C459857340,42200,387263.02,1,0
0,CASH_IN,73200.99,C0280024872,7548829.03,7622040.02,C0435804085,79582.64,96.88,0,1
0,CASH_IN,236747.6,C0747053097,7622040.02,7858787.73,C757008857,390963.2,0,0,0
0,CASH_IN,6284.08,C864326906,7858787.73,7865070.9,C0749086397,328727.06,277505.05,0,0
0,CASH_IN,98.77,C0348005836,7865070.9,7965270.68,C0750905043,336837.78,424250.45,1,0
0,CASH_IN,60347.32,C0972043064,7965270.68,8025607.99,C33524623,724867.22,507262.06,0,1
0,CASH_IN,289272.75,C302068408,8025607.99,8404890.75,C75457650,403976.6,30469.78,1,0
0,CASH_IN,63089.26,C95369743,8404890.75,8478080,C0860503229,925,0,0,0
0,CASH_IN,96725.32,C26928827,8478080,8674805.32,C450000350,2248002.9,3940085.2,1,1
0,PAYMENT,5882.32,C278476563,252,4369.68,M0479909053,0,0,0,0
0,DEBIT,625.92,C605954678,30065,29539.08,C800587677,42,0,0,0
0,PAYMENT,5937.72,C0926080325,20779,5840.28,M733460760,0,0,1,1
0,PAYMENT,9796.29,C0594039997,274658,264860.7,M0323530427,0,0,0,0
0,PAYMENT,3449.95,C0070788500,80,0,M0400973979,0,0,0,1
0,PAYMENT,4749.6,C347090004,8038,3288.4,M0005406433,0,0,1,1
0,PAYMENT,6460.86,C0000095322,30009,24548.04,M404947798,0,0,0,0
0,PAYMENT,3605.26,C226690498,20,6504.74,M0455204443,0,0,0,0
0,PAYMENT,624.6,C0976602906,52594,50969.39,M0978209605,0,0,1,1
0,PAYMENT,3854.92,C0624350535,9240,5386.08,M0394356500,0,0,0,0
0,TRANSFER,420532.33,C582300098,5386.08,0,C0970489295,604566.02,0,0,1
0,PAYMENT,4402.86,C533405944,4469,66.04,M0909834007,0,0,0,0
0,CASH_OUT,47804.02,C0086849943,66.04,0,C0082460067,58909,23508.22,1,1
0,PAYMENT,50.2,C0265053098,904,752.8,M246003654,0,0,0,0
0,PAYMENT,58.2,C235370598,4506,4447.79,M248700794,0,0,0,0
0,PAYMENT,5936.82,C2083207543,740,0,M0073740635,0,0,1,0
0,CASH_OUT,45944.67,C077004008,24376,0,C0023629720,222,46393.85,0,1
0,TRANSFER,7206.33,C478039423,24932,7725.67,C0032986044,20308,8060.79,0,0
0,DEBIT,5580.55,C997695567,530,0,C0282788025,55058.57,0,1,0
0,DEBIT,5853.2,C2066892065,5039,0,C662736689,20008,4890090.56,0,1
0,PAYMENT,2528,C48305285,5037,2508.9,M0625090026,0,0,0,0
0,PAYMENT,5655.07,C0704378342,9522,3866.83,M265824587,0,0,1,0
0,PAYMENT,456.09,C93798665,8,99560.9,M40092582,0,0,0,0
0,PAYMENT,4252.82,C509303080,5545,292.08,M0345265484,0,0,0,1
0,TRANSFER,276460.62,C0870680329,595,0,C0360767589,5242.28,2007965.39,1,0
0,PAYMENT,8800.67,C0976066250,30848,22036.33,M0950800085,0,0,1,0
0,PAYMENT,2666.68,C0547398254,890,0,M0337829755,0,0,0,1
0,CASH_OUT,95636.49,C0979055448,0,0,C0740000325,359040.7,363368.5,0,0
0,CASH_OUT,95304.34,C934740803,0,0,C2083562754,490226.48,86556.8,1,0
0,PAYMENT,6049.09,C802043047,0,0,M304364096,0,0,0,1
0,PAYMENT,4306.8,C0205950090,0,0,M0205559205,0,0,1,0
0,PAYMENT,7.34,C894420232,35600,34493.66,M0098986569,0,0,0,1
0,DEBIT,3079.7,C0082300047,24703.85,20524.04,C0540270363,20767,0,0,0
0,PAYMENT,2880.68,C0530082070,20524.04,8643.46,M276869058,0,0,1,0
0,PAYMENT,3060.54,C0490860739,8643.46,5582.92,M0527204863,0,0,0,0
0,PAYMENT,879.42,C534753234,5582.92,4703.5,M072699023,0,0,0,1
0,PAYMENT,3486.78,C230725600,4703.5,206.72,M0830882653,0,0,0,0
0,PAYMENT,20530.96,C259250404,206.72,89685.77,M0552400354,0,0,1,0
0,PAYMENT,2426.3,C803893384,89685.77,87259.46,M0078566479,0,0,0,1
0,PAYMENT,5000,C0372422040,87259.46,82049.35,M809245704,0,0,0,0
0,PAYMENT,207.75,C0288008586,82049.35,80940.6,M0089584667,0,0,1,1
0,PAYMENT,8437.04,C2054757222,80940.6,63504.55,M0865200235,0,0,0,1
0,PAYMENT,8690.69,C348032908,63504.55,54803.86,M0493988307,0,0,0,1
0,PAYMENT,4946.03,C0805443509,54803.86,49867.83,M0636322480,0,0,1,1
0,PAYMENT,5432.09,C0978504976,49867.83,44435.75,M0338368049,0,0,0,1
0,PAYMENT,7649.4,C0029869770,44435.75,36786.34,M0620459733,0,0,0,1
0,PAYMENT,3943.07,C2044337856,36786.34,32843.06,M435904790,0,0,1,0
0,PAYMENT,3000.33,C422409467,32843.06,29740.84,M0273958370,0,0,0,1
0,TRANSFER,50709.03,C0659505968,882,0,C0629900500,59670,5375.37,1,0
0,PAYMENT,3465.9,C664090267,0,0,M0433208870,0,0,0,1
0,PAYMENT,9560.05,C0724804709,0,0,M0437988306,0,0,0,0
0,PAYMENT,9762.28,C0543046693,29,0,M0708322084,0,0,1,0
0,PAYMENT,9778.8,C0956405355,8824,9045.09,M250520863,0,0,0,1
0,CASH_OUT,562903.8,C24039037,9045.09,0,C33524623,564509.9,507262.06,1,0
0,PAYMENT,5055.94,C992086987,30295,25239.06,M730243659,0,0,0,0
0,PAYMENT,2858.89,C0244867000,20820,8960,M0037955032,0,0,0,1
0,PAYMENT,8530.42,C369805307,8960,429.69,M304562573,0,0,1,0
0,PAYMENT,84.22,C0000009058,25828,25743.78,M333693383,0,0,0,1
0,CASH_OUT,227478,C0394000463,25743.78,0,C0590550405,6.40E+06,9.20E+06,0,0
0,PAYMENT,5033.02,C0057307776,23946.7,8903.68,M0809038759,0,0,1,1
0,TRANSFER,588.8,C0636588948,8903.68,0,C2050009804,5223,0,0,0
0,PAYMENT,9374.72,C95685867,20064,689.28,M330596257,0,0,0,1
0,PAYMENT,598.24,C494953070,2630,2032.76,M509864970,0,0,1,0
0,PAYMENT,4530.55,C999647352,20025,5593.45,M900500858,0,0,0,1
0,PAYMENT,2998.2,C677020200,5593.45,2595.25,M694069884,0,0,0,0
0,PAYMENT,9269.99,C957923709,2595.25,3325.26,M747058002,0,0,1,0
0,PAYMENT,209.64,C0692073709,3325.26,2005.6,M948675904,0,0,0,1
0,PAYMENT,298.7,C0097498059,2005.6,806.9,M785270042,0,0,0,0
0,PAYMENT,7797,C500230084,806.9,0,M2023026843,0,0,0,0
0,PAYMENT,5830.03,C0028045537,0,0,M0628550735,0,0,1,1
0,PAYMENT,7067.9,C2078640942,0,0,M606775503,0,0,0,0
0,PAYMENT,4895.5,C0527882032,0,0,M935060003,0,0,0,1
0,PAYMENT,3306.2,C0626852380,0,0,M300604602,0,0,1,0
0,PAYMENT,22276,C0093398802,0,0,M453398853,0,0,0,1
0,PAYMENT,6505.5,C0070255580,0,0,M34073007,0,0,0,0
0,PAYMENT,636.95,C0275009283,0,0,M0658502704,0,0,1,0
0,PAYMENT,2056.59,C0478995734,0,0,M0699578227,0,0,0,1
0,PAYMENT,704.74,C0456060400,0,0,M0660777060,0,0,0,0
0,PAYMENT,3222.32,C004260836,0,0,M259630944,0,0,0,0
0,PAYMENT,889.6,C350656492,0,0,M306335490,0,0,1,1
0,PAYMENT,9490.89,C597364637,0,0,M0637603097,0,0,0,0
0,PAYMENT,6030.2,C0527086220,0,0,M505273883,0,0,0,1
0,PAYMENT,938.6,C0697280847,0,0,M0535026957,0,0,0,0
0,PAYMENT,4233.45,C737004370,0,0,M005966264,0,0,1,1
0,PAYMENT,32643.79,C820405322,0,0,M505230702,0,0,0,0
0,PAYMENT,622.05,C0328323494,4002.8,3490.65,M0300292880,0,0,0,0
0,PAYMENT,4573.02,C0408533352,3490.65,8907.54,M607928649,0,0,0,1
0,PAYMENT,6057.8,C252605006,6996,938.3,M79909963,0,0,1,0
0,PAYMENT,5770.32,C0943750504,938.3,0,M0907604549,0,0,0,0
0,PAYMENT,9052.97,C076955204,0,0,M353023203,0,0,0,1
0,DEBIT,2054.7,C0000044643,39699,27544.3,C450000350,2050287.58,3940085.2,1,0
0,PAYMENT,8378,C0358857082,80899.44,72520.43,M979550238,0,0,0,1
0,PAYMENT,9606.45,C2056234595,72520.43,62904.98,M0558395480,0,0,0,1
0,PAYMENT,2230.28,C2023907549,2998,766.72,M0406405959,0,0,1,1
0,PAYMENT,4932.54,C0398260359,36555,30622.46,M370397455,0,0,0,1
0,CASH_IN,65403.89,C2052223880,30622.46,97036.35,C604685048,44605,0,0,1
0,CASH_IN,98560.08,C0203870206,97036.35,295596.43,C434090808,67709.89,63002.23,0,1
0,CASH_IN,5054.6,C628392976,295596.43,300650.04,C832279283,33340,85389.8,0,0
0,CASH_IN,60632.06,C725832346,300650.04,472283.2,C985934002,44238.89,970408.9,0,0
0,CASH_IN,47529.09,C0003895488,472283.2,509802.39,C0359044626,856049.65,6508.36,1,1
0,CASH_IN,9577.45,C0527007086,509802.39,529389.85,C838400509,32204,22774.25,0,0
0,CASH_IN,404238.59,C0523649562,529389.85,943628.44,C0359044626,808520.46,6508.36,0,1
0,CASH_IN,89327.65,C0807076280,943628.44,32956.09,C450000350,2063442.28,3940085.2,0,1
0,CASH_IN,94900.06,C203809996,32956.09,227856.25,C0262822392,8633995.76,2.50E+06,0,0
0,CASH_IN,24470.43,C0977608945,227856.25,252326.68,C0360767589,380702.9,2007965.39,1,1
0,CASH_IN,207668.38,C662925690,252326.68,469995.06,C476800020,347373.26,49864.36,0,0
0,CASH_IN,9067.5,C0995952705,469995.06,479062.57,C0082460067,306723.02,23508.22,0,0
0,CASH_IN,336827.9,C0244880808,479062.57,805890.48,C476402209,400493.73,50503.44,0,1
0,CASH_IN,45307.95,C0060509057,805890.48,860208.43,C2096057945,99578.86,0,1,0
0,CASH_IN,230020,C58890945,860208.43,2090229.45,C0070794006,4777230.82,22090.99,0,1
0,CASH_IN,54578.28,C0269773600,2090229.45,2245807.73,C564060838,33003.86,254956.07,1,0
0,CASH_IN,304034,C464649704,2245807.73,2559940.74,C0509504333,570802.4,2405.06,0,1
0,CASH_IN,206405.92,C367967230,2559940.74,2766347.65,C453200570,220423.7,3460666.05,0,0
0,CASH_IN,58995.29,C36530985,2766347.65,2925342.94,C0806757085,8674805.32,7.00E+05,1,0
0,CASH_IN,88238.54,C805336475,2925342.94,3003580.47,C766572200,702449.2,0,0,1
0,CASH_IN,20255.8,C609483000,3003580.47,3034837.27,C0380028260,52009,0,0,1
0,CASH_IN,205955.77,C0049407083,3034837.27,3340793.04,C0688009098,465695.9,97263.78,1,0
0,CASH_IN,78370.36,C767436045,3340793.04,3509063.4,C0590550405,6.70E+06,9.20E+06,0,0
0,CASH_IN,42547.96,C0430099669,3509063.4,3560700.36,C673068808,59693,9672.67,0,1
0,CASH_IN,5052.05,C0847430070,3560700.36,3576863.5,C0262822392,8439095.6,2.50E+06,1,1
0,CASH_IN,39249.67,C0043639520,3576863.5,3606003.08,C0225606405,64966.23,0,0,1
0,CASH_IN,669.07,C0660837990,3606003.08,3707782.35,C0234776885,533625.8,2025098.66,0,0
0,CASH_IN,80694,C0325866488,3707782.35,3799476.47,C2083562754,686540.82,86556.8,1,1
0,CASH_IN,266.7,C0306794745,3799476.47,3809743.07,C0256728724,4323,69756.86,0,0
0,CASH_IN,35502.25,C0454070036,3809743.07,3845245.42,C0832580920,40059,0,0,1
0,CASH_IN,83250,C0095396074,3845245.42,4028495.42,C736709390,230999.55,46820.7,1,0
0,CASH_IN,209220.2,C800562535,4028495.42,4247705.63,C450000350,974004.63,3940085.2,0,1
0,CASH_IN,254895.5,C0560379655,4247705.63,4502600.03,C0509504333,256668.4,2405.06,0,0
0,CASH_IN,43048.97,C0824322005,4502600.03,4645760,C0070794006,4547209.8,22090.99,0,0
0,CASH_IN,32457.52,C702999333,4645760,4778207.62,C0262822392,8423943.45,2.50E+06,1,0
0,CASH_IN,48834.28,C0648582256,4778207.62,4927050.9,C766572200,504200.68,0,0,1
0,CASH_IN,6727.8,C865858082,4927050.9,5033779.7,C665576040,2730834.27,5505763.34,0,0
0,CASH_IN,223023.7,C950988306,5033779.7,5256903.42,C0359044626,394280.87,6508.36,0,0
0,CASH_IN,94300.34,C647973805,5256903.42,5450204.77,C33524623,27423.7,507262.06,0,1
0,CASH_IN,338964.9,C0590060296,5450204.77,5790079.68,C766572200,365376.39,0,0,0
0,CASH_IN,247575.4,C842330982,5790079.68,6037755.07,C0262822392,8290485.93,2.50E+06,1,0
0,CASH_IN,29467.02,C2076249476,6037755.07,6067222.09,C0749086397,322442.98,277505.05,0,1
0,CASH_IN,90340.06,C660595570,6067222.09,6057562.25,C0590550405,6.50E+06,9.20E+06,0,0
0,CASH_IN,98847.32,C0088490502,6057562.25,6356409.58,C0023704065,964679.26,402484.09,0,1
0,CASH_IN,55075.4,C0434066477,6356409.58,6500484.99,C0970489295,35098.36,0,1,0
0,CASH_IN,76932.89,C648305947,6500484.99,6588407.88,C0023704065,765830.94,402484.09,0,0
0,CASH_IN,92970.79,C2007642238,6588407.88,6680389.66,C796533847,367.94,0,0,1
0,CASH_IN,7322.98,C903242382,6680389.66,6688702.64,C046305349,64966,57643.02,1,0
0,CASH_IN,222026.95,C870322840,6688702.64,6900839.59,C0286084959,397600.6,2007778,0,1
0,CASH_IN,62983.9,C837246227,6900839.59,6973823.5,C0740000325,454778.08,363368.5,0,0
0,CASH_IN,270.77,C073738886,6973823.5,6975095.27,C932583850,697456.73,2709072.89,0,1
0,CASH_IN,246806.65,C0262237002,6975095.27,7220900.92,C33524623,933002.37,507262.06,1,0
0,CASH_IN,20898.97,C2029754983,7220900.92,7243800.89,C747464370,4670.7,567434.8,0,0
0,CASH_IN,30800.56,C0946000908,7243800.89,7274622.45,C22805895,52078,650524.92,0,1
0,CASH_IN,275.09,C564807260,7274622.45,7374897.54,C564060838,878425.58,254956.07,1,0
0,CASH_IN,46630.53,C094405222,7374897.54,7420528.07,C2083562754,604846.7,86556.8,0,0
0,CASH_IN,58775.58,C798622045,7420528.07,7580303.64,C0023704065,688899.05,402484.09,0,1
0,CASH_IN,90556.08,C638695843,7580303.64,7670859.72,C288665596,86372.86,8496.6,1,0
0,CASH_IN,73948.89,C0400543296,7670859.72,7844808.6,C0740000325,390794.27,363368.5,0,0
0,CASH_IN,66206.7,C0800967368,7844808.6,7900025.32,C97730845,7785.88,9940339.29,0,1
0,CASH_IN,206033.99,C338887787,7900025.32,8027059.3,C747464370,92770.73,567434.8,0,0
0,CASH_IN,370883.82,C0060448687,8027059.3,8499043.03,C0970489295,880022.94,0,1,0
0,CASH_IN,770537.37,C2005999862,8499043.03,8499043.03,C0883840933,8499043.03,6.90E+06,0,1
0,CASH_IN,70275.47,C0467505503,8499043.03,8570308.6,C20670747,36084.66,43690.09,0,0
0,CASH_IN,336298.77,C0533330605,8570308.6,8906607.38,C0789550256,49800.54,4609798.56,0,0
0,CASH_IN,307393.38,C0097720383,8906607.38,9224000.75,C0286084959,75483.65,2007778,0,1
0,CASH_IN,80002,C0907082298,9224000.75,9405002.76,C0749086397,292975.96,277505.05,1,0
0,CASH_IN,300449.38,C0639765350,9405002.76,9706462.04,C0789550256,703502.77,4609798.56,0,1
0,CASH_IN,270824.42,C478209079,9706462.04,9987286.56,C0806757085,8505800.04,7.00E+05,0,0
0,PAYMENT,449.03,C0066230227,80983,79533.97,M365056339,0,0,0,1
0,PAYMENT,3550.48,C307400297,5007.79,466.3,M066536076,0,0,0,0
0,CASH_OUT,227768.63,C0445424568,466.3,783697.68,C0023704065,530023.48,402484.09,1,1
0,CASH_OUT,72986.7,C0374207958,783697.68,600700.98,C33524623,686295.7,507262.06,0,0
0,PAYMENT,4940.2,C0459006705,48005,43064.8,M902747546,0,0,0,1
0,PAYMENT,2755.96,C0530957250,20987,8230.04,M0292472209,0,0,1,0
0,DEBIT,8807,C767500740,39428,30620.99,C20670747,64809.08,43690.09,0,1
0,DEBIT,3000.86,C548795052,64665.82,60553.96,C240650537,70.22,0,0,0
0,PAYMENT,40.52,C2043570436,60553.96,50503.44,M2007099736,0,0,1,0
0,DEBIT,5363,C690863805,20260,5897,C0320640594,24765.26,8900.85,0,1
0,PAYMENT,990.09,C647049086,885,0,M2070060397,0,0,1,1
0,PAYMENT,266.88,C003787800,4082,3905.02,M0205580258,0,0,0,1
0,PAYMENT,928.55,C0959450969,5096,3067.45,M777303077,0,0,0,0
0,PAYMENT,648.06,C0440328075,37409,26770.94,M0327895505,0,0,1,0
0,PAYMENT,962.43,C0830040280,26770.94,25808.5,M0705277839,0,0,0,1
0,PAYMENT,8348,C2000648320,6583,8234.9,M042099757,0,0,0,1
0,PAYMENT,6969.67,C0004335860,60090,54020.33,M80026550,0,0,1,0
0,TRANSFER,20028,C037533655,20028,0,C0848405040,0,0,0,1
0,CASH_OUT,20028,C0008430673,20028,0,C339924907,6268,2045.85,0,1
0,PAYMENT,54.87,C0527254842,9339,9084.03,M2000469839,0,0,0,1
0,DEBIT,4040.84,C0800693087,938,0,C0825027294,50339,36757.68,1,0
0,PAYMENT,6490.07,C0707473929,548504,542003.83,M2000572327,0,0,0,1
0,PAYMENT,0.09,C0868578440,30858,29756.9,M659996839,0,0,0,0
0,DEBIT,4347.78,C890060058,20766,6408.22,C0530333864,407959.76,55974.56,1,0
0,CASH_OUT,203922.03,C0768027248,6408.22,0,C0234776885,430956.63,2025098.66,0,1
0,CASH_OUT,83859.59,C009002899,0,0,C0590550405,6.40E+06,9.20E+06,0,0
0,CASH_OUT,33269.25,C375074687,0,0,C0629900500,389.03,5375.37,1,0
0,CASH_OUT,50749.94,C0429606542,0,0,C297927960,62470,32842.64,0,1
0,CASH_OUT,86400.3,C662666707,0,0,C0023704065,757892,402484.09,0,0
0,CASH_OUT,856.63,C0820000643,0,0,C0740000325,207845.38,363368.5,1,0
0,CASH_OUT,60603.93,C593768538,0,0,C0789550256,402063.39,4609798.56,0,0
0,CASH_OUT,244360.8,C0090864687,0,0,C33524623,859282.4,507262.06,0,1
0,CASH_OUT,596607.87,C466032056,0,0,C0234776885,645878.76,2025098.66,0,0
0,CASH_OUT,8600.78,C690822257,0,0,C0800032623,46488.24,97028.09,1,0
0,CASH_OUT,377520.94,C726202590,0,0,C0789550256,563677.32,4609798.56,0,1
0,CASH_OUT,60758.42,C0058822905,0,0,C0308822808,55900.68,500630.7,0,0
0,CASH_OUT,86204.3,C475394679,0,0,C0789550256,940098.26,4609798.56,0,0
0,CASH_OUT,234,C0574605832,0,0,C0983025922,29906,7550.03,0,0
0,CASH_OUT,8288.9,C0049590050,0,0,C0286084959,858090.28,2007778,0,1
0,CASH_OUT,248979.22,C0662592920,0,0,C33524623,3644.22,507262.06,1,0
0,CASH_OUT,26774.5,C0357686726,0,0,C0234776885,242496.63,2025098.66,0,0
0,CASH_OUT,38428.09,C0490522744,0,0,C0568059495,43524.89,22750.49,0,1
0,CASH_OUT,9732.52,C500608687,0,0,C0806757085,8244985.62,7.00E+05,0,0
0,CASH_OUT,7850.54,C929706284,0,0,C824208363,32353,0,0,0
0,CASH_OUT,5223.97,C42820240,0,0,C0022805002,429.69,23568.9,1,1
0,CASH_OUT,63807.07,C0822434669,0,0,C2083562754,558206.08,86556.8,0,0
0,CASH_OUT,406297.68,C0592840862,0,0,C985934002,882606.73,970408.9,0,0
0,PAYMENT,4779.93,C955600965,20,0,M0367672657,0,0,0,1
0,TRANSFER,6630.04,C0020565760,0,0,C998350292,89002.55,5032.48,1,0
0,PAYMENT,2770.06,C0692375649,60720,57949.84,M2002790740,0,0,0,0
0,PAYMENT,3054.06,C237373286,24239,20084.94,M742255664,0,0,0,1
0,PAYMENT,7803.63,C883520348,20084.94,3270.3,M0005003644,0,0,1,0
0,PAYMENT,360.03,C2086068243,38939,38578.87,M0070094629,0,0,0,0
0,CASH_OUT,430380.07,C0076202543,40480,0,C306206744,55566,3554299.27,0,1
0,TRANSFER,43670.84,C749486980,0,0,C885950223,79330.08,205850.28,1,0
0,PAYMENT,7342.63,C0730295355,9443,2000.37,M385332399,0,0,0,1
0,PAYMENT,7407.09,C2060440682,843,0,M883020309,0,0,1,0
0,PAYMENT,8865.26,C0488946768,84405.83,75550.57,M0942356772,0,0,0,1
0,CASH_OUT,203490.87,C0907240392,75550.57,0,C0970489295,508039.03,0,0,0
0,PAYMENT,7444.4,C0269008028,30902.57,24458.07,M0863000050,0,0,1,1
0,CASH_OUT,287265.38,C739264372,24458.07,0,C306206744,486947.07,3554299.27,0,0
0,CASH_OUT,406000.33,C749980943,0,0,C667346055,2,9290609.62,0,0
0,PAYMENT,6432.26,C0303960293,0,0,M0055757579,0,0,1,1
0,PAYMENT,8690.86,C0785000044,29772,20080.04,M0482748887,0,0,0,0
0,PAYMENT,3790.28,C494894055,32463,28670.72,M0023226989,0,0,0,1
0,PAYMENT,4000.34,C500885940,28052,23940.66,M0005380650,0,0,0,0
0,PAYMENT,7063.9,C606402280,4209.94,7056.04,M2008096382,0,0,1,1
0,PAYMENT,6557.5,C878860507,7056.04,498.52,M746394040,0,0,0,0
0,PAYMENT,7348.25,C0705665942,498.52,83050.27,M0730763384,0,0,0,1
0,PAYMENT,586.28,C0000609942,83050.27,80564,M87242609,0,0,0,0
0,PAYMENT,6800.97,C864248990,80564,74752.02,M285074086,0,0,1,1
0,PAYMENT,36650.07,C05892030,74752.02,38000.95,M484840769,0,0,0,0
0,PAYMENT,4804.68,C879300295,38000.95,33296.27,M0274247563,0,0,0,1
0,PAYMENT,9375.5,C0483045520,33296.27,3920.76,M0960029028,0,0,0,1
0,PAYMENT,3833.75,C063385254,3920.76,87,M0506938939,0,0,1,0
0,PAYMENT,20008.52,C970780872,87,0,M0850597787,0,0,0,0
0,PAYMENT,22043.92,C258737099,0,0,M0090566357,0,0,0,1
0,PAYMENT,32635.04,C407997647,0,0,M428996455,0,0,1,0
0,PAYMENT,438.39,C0988939205,0,0,M80040040,0,0,0,0
0,PAYMENT,3527.06,C275056979,0,0,M006557075,0,0,0,1
0,PAYMENT,880.78,C370976476,0,0,M602937843,0,0,0,1
0,PAYMENT,9805.46,C480084864,0,0,M0433956626,0,0,0,0
0,PAYMENT,9470.85,C483525032,0,0,M2009209077,0,0,0,1
0,PAYMENT,20560.86,C429058804,0,0,M259309860,0,0,0,1
0,PAYMENT,3679.84,C52903970,0,0,M0059634508,0,0,1,0
0,PAYMENT,5448,C836969740,0,0,M436094532,0,0,0,0
0,PAYMENT,987.4,C567852222,0,0,M0540433300,0,0,0,0
0,PAYMENT,4045.04,C0938025086,97068,93022.96,M405036720,0,0,1,1
0,PAYMENT,3500.45,C2088582204,300,7798.55,M620456576,0,0,0,0
0,PAYMENT,8,C0220759559,9040,7922.9,M0923634800,0,0,0,0
0,PAYMENT,5.06,C0730337646,204682,204666.94,M408503504,0,0,1,1
0,CASH_IN,352568.35,C0256405520,9945,362503.35,C665576040,2624006.46,5505763.34,0,0
0,PAYMENT,3043.27,C2050598050,36369,33325.73,M088790662,0,0,0,0
0,PAYMENT,9758.09,C60426020,20207,458.9,M0347006882,0,0,1,1
0,PAYMENT,5924.89,C0829460900,508,0,M0662902070,0,0,0,0
0,PAYMENT,9550.43,C708053797,4020,0,M883380345,0,0,0,0
0,PAYMENT,4355.66,C54960993,20,0,M276748028,0,0,0,1
0,DEBIT,6973.02,C373544590,50005,43040.88,C0568059495,80953.08,22750.49,1,0
0,PAYMENT,2358.63,C409565350,70824,68465.37,M770923297,0,0,0,1
0,DEBIT,374.36,C0200939243,5237,4862.64,C0335050093,62904.98,353532.56,0,0
0,PAYMENT,8946.63,C0079025839,95066,86009.37,M320772459,0,0,1,1
0,PAYMENT,20573.4,C696065690,24640,4067.6,M080078353,0,0,0,0
0,PAYMENT,8358.02,C0542598424,293,0,M645875534,0,0,0,0
0,PAYMENT,6.76,C2054450662,696008,695000.24,M673672784,0,0,1,1
0,PAYMENT,498.05,C0659309730,6730,6230.95,M0056862342,0,0,0,0
0,TRANSFER,463722.76,C0734084086,349,0,C832279283,8285.39,85389.8,0,0
0,TRANSFER,38857.09,C0947940827,9473,0,C0789550256,27402.57,4609798.56,1,1
0,PAYMENT,5084.9,C785625589,283509,278324,M0667534569,0,0,0,0
0,PAYMENT,3626.96,C0758893870,23506,9879.04,M0070000700,0,0,0,0
0,PAYMENT,282.42,C0985028494,30603,30320.58,M830863979,0,0,1,1
0,DEBIT,8703.54,C0832283290,37782,29078.46,C0335050093,63279.34,353532.56,0,0
0,PAYMENT,3673,C0532554556,30507,26833.9,M620423806,0,0,0,1
0,PAYMENT,9800.58,C976358000,2607.06,2806.58,M0690233783,0,0,0,0
0,CASH_OUT,88987,C2004563089,2806.58,0,C932583850,696084.96,2709072.89,1,0
0,PAYMENT,4227.09,C098098993,36054,30826.8,M553672556,0,0,0,1
0,PAYMENT,2880.5,C854653864,90250,87368.49,M0405439780,0,0,0,0
0,PAYMENT,4376.46,C703555670,9809,5432.54,M079808568,0,0,1,0
0,PAYMENT,656.02,C0068445309,80,0,M73698537,0,0,0,1
0,TRANSFER,345698.98,C0453062635,40409,0,C997608398,20489.94,57982.02,1,0
0,PAYMENT,3292.2,C0632789609,20484,7090.79,M659059448,0,0,0,0
0,PAYMENT,7367.06,C024494040,4528,7060.94,M246826039,0,0,0,1
0,PAYMENT,2937.34,C2083854344,9703,6765.66,M403598020,0,0,1,0
0,DEBIT,50.04,C0009242936,20634,20483.86,C0022805002,5653.66,23568.9,0,0
0,PAYMENT,3563.36,C2023904473,85397,80833.64,M708443754,0,0,0,1
0,PAYMENT,2380.46,C0090234200,428,99047.54,M832045584,0,0,0,0
0,PAYMENT,2266.02,C224060798,64757.92,62490.9,M0752535057,0,0,1,0
0,TRANSFER,32032.45,C2006299597,62490.9,30359.46,C0466073098,59605,0,0,1
0,TRANSFER,50627.39,C50720807,30359.46,0,C0526298704,80243,32092.07,0,0
0,TRANSFER,62073.54,C0496220730,0,0,C0740000325,228702,363368.5,1,0
0,TRANSFER,3604.9,C488600086,0,0,C380242442,30095,0,0,1
0,TRANSFER,2290.73,C0000379030,0,0,C660043728,79470.66,42450.7,0,0
0,TRANSFER,637060,C0846982837,0,0,C0789550256,66259.76,4609798.56,0,0
0,TRANSFER,639378.37,C0035935000,0,0,C392292406,753824.05,3420003.09,1,1
0,TRANSFER,34390.85,C635288507,0,0,C0290286504,90204.97,66575.5,0,0
0,TRANSFER,867849.02,C355885003,0,0,C665576040,2270538,5505763.34,0,0
0,TRANSFER,93400.46,C0320005948,0,0,C0590550405,6.50E+06,9.20E+06,1,1
0,TRANSFER,348086.2,C706665072,0,0,C306206744,774202.55,3554299.27,0,0
0,TRANSFER,440296.04,C0649847375,0,0,C0590550405,7.70E+06,9.20E+06,0,0
0,TRANSFER,799483.57,C0053933006,0,0,C306206744,22398.75,3554299.27,1,1
0,TRANSFER,969630.3,C2044067900,0,0,C248609774,2034967.54,6453430.9,0,0
0,TRANSFER,483544.3,C593447952,0,0,C0286084959,876379.09,2007778,0,0
0,TRANSFER,326349.9,C0950036544,0,0,C564060838,778050.49,254956.07,1,1
0,DEBIT,7546.88,C209360730,50368,43820.02,C0259769769,353,252055.24,0,0
0,PAYMENT,2469.75,C740007499,43820.02,40350.37,M0970052906,0,0,0,0
0,DEBIT,740.24,C0687627235,80942,79200.76,C997608398,366088.92,57982.02,0,1
0,PAYMENT,553.25,C0007660652,7522,6968.75,M0276544608,0,56789,1,0
0,PAYMENT,6606.3,C0387620926,6968.75,362.44,M265348534,0,569,0,0
0,PAYMENT,2075.94,C0324073038,403,8327.06,M907568725,0,0,0,1
0,TRANSFER,84202.94,C0336775847,53099,0,C03329486,0,84202.94,0,0
0,CASH_OUT,302008.5,C0096963249,0,0,C0262822392,8043900.53,2.50E+06,1,0
0,PAYMENT,647.93,C0663488386,70889,69240.07,M0380044647,0,0,0,1
0,PAYMENT,3533.32,C0902800088,38200,34677.68,M0998037093,0,0,0,0
0,PAYMENT,7659.86,C577027077,544,0,M2022357625,0,0,0,0
0,PAYMENT,7203.07,C0556062268,290775.55,283572.48,M0650332494,0,0,1,1
0,CASH_OUT,6206.75,C0924990666,283572.48,67365.73,C0308822808,206670,500630.7,0,0
0,CASH_OUT,30330.38,C044445623,67365.73,37034.36,C998350292,5733.69,5032.48,0,1
0,PAYMENT,2063.77,C0572745406,6064,4000.23,M0340644388,0,0,0,0
0,PAYMENT,3035.35,C0434005803,26657,23620.65,M0023996907,0,0,0,1
0,CASH_OUT,23797,C295640874,23620.65,0,C557040902,53674,557537.26,1,0
0,DEBIT,8233.25,C438050297,7024,0,C846947080,4673,2900.08,0,0
0,PAYMENT,2270.34,C96039059,30346,29074.66,M2044644334,0,0,0,1
0,PAYMENT,3800.74,C375097969,73606.2,69804.46,M0635082650,0,0,0,0
0,PAYMENT,530.83,C788892554,69804.46,68283.63,M0970073944,0,0,0,0
0,PAYMENT,4833.96,C0060042008,40005,36070.04,M0964847680,0,0,0,1
0,PAYMENT,5842.6,C0992800970,40,0,M0680094402,0,0,1,0
0,PAYMENT,2870.89,C754527430,653,0,M820677667,0,0,0,0
0,DEBIT,5297.36,C2064883370,82034,76836.64,C655380473,30443.78,89534.74,0,1
0,TRANSFER,620560.65,C82275756,23022,0,C0782003663,0,3997768.55,0,0
0,PAYMENT,829.07,C0629353699,99,369.93,M99808630,0,0,1,1
0,PAYMENT,3408.07,C0650754404,260,0,M0564892747,0,0,0,0
0,CASH_OUT,40924.75,C0407324654,0,0,C0526298704,32870.39,32092.07,0,1
0,CASH_OUT,73597.57,C0000598632,0,0,C248609774,3004598.86,6453430.9,0,1
0,CASH_OUT,77642.84,C0032568028,0,0,C667346055,406003.33,9290609.62,0,0
0,CASH_OUT,44964.23,C0380976928,0,0,C932583850,785072.07,2709072.89,1,0
0,CASH_OUT,94038.9,C293474277,0,0,C998350292,36065.07,5032.48,0,1
0,CASH_OUT,26050.33,C403373997,0,0,C205045089,28479,890.79,0,0
0,CASH_OUT,34043.27,C2024700353,0,0,C450000350,754894.42,3940085.2,1,1
0,CASH_OUT,497424.09,C700300203,0,0,C932583850,930036.3,2709072.89,0,0
0,CASH_OUT,607606.73,C0267042305,0,0,C0286084959,359923.49,2007778,1,0
0,CASH_OUT,680093.57,C0335060928,0,0,C0023704065,844302.4,402484.09,0,1
0,CASH_OUT,4057.6,C0008706090,0,0,C932583850,427560.49,2709072.89,0,0
0,CASH_OUT,205279.62,C0060487387,0,0,C932583850,540608,2709072.89,1,0
0,CASH_OUT,73502.93,C579447973,0,0,C0806757085,8354708.04,7.00E+05,0,0
0,CASH_OUT,66807.98,C0990420360,0,0,C0970489295,720630,0,1,1
0,CASH_OUT,3283.03,C407048497,0,0,C885950223,23000.9,205850.28,0,0
0,CASH_OUT,79030.05,C06373883,0,0,C0360767589,357232.47,2007965.39,0,0
0,CASH_OUT,94332,C0878700000,0,0,C0782003663,620560.65,3997768.55,1,1
0,CASH_OUT,40000.05,C40875560,0,0,C2083562754,622023.34,86556.8,0,0
0,CASH_OUT,45756.23,C0042890690,0,0,C392292406,393202.52,3420003.09,0,1
0,CASH_OUT,6039.6,C0893563925,0,0,C0653844940,30064,37203.6,1,0
0,CASH_OUT,46260.02,C0250967087,0,0,C575335780,85758.95,52405.05,0,0
0,CASH_OUT,302470.06,C900689694,0,0,C0789550256,803420.75,4609798.56,1,1
0,CASH_OUT,95490.04,C0007204085,0,0,C564060838,4500.4,254956.07,0,0
0,CASH_OUT,7308.84,C0523084097,0,0,C0290286504,24605.82,66575.5,0,1
0,CASH_OUT,48252.82,C0808747090,0,0,C450000350,889037.69,3940085.2,1,0
0,CASH_OUT,25674.03,C747870628,0,0,C597090999,30563,6830.83,0,1
0,CASH_OUT,63830.49,C420090743,0,0,C0530333864,402307.54,55974.56,0,0
0,CASH_OUT,96078.8,C9844208,0,0,C0749086397,973.96,277505.05,1,1
0,CASH_OUT,55022.86,C0403706230,0,0,C997608398,367930.07,57982.02,0,0
0,CASH_OUT,70757.76,C0673906398,0,0,C2050009804,205800.8,0,0,1
0,CASH_OUT,8809.04,C756080807,0,0,C0740000325,37034.36,363368.5,1,0
0,CASH_OUT,27320.2,C479734028,0,0,C604685048,79090,0,0,0
0,CASH_OUT,507905.9,C388802347,0,0,C0070794006,4404060.84,22090.99,0,1
0,CASH_OUT,34629.06,C0540046463,0,0,C0860503229,38735.74,0,0,0
0,CASH_OUT,94296.25,C0900896057,0,0,C400424608,336692.95,78808.04,1,0
0,CASH_OUT,285360.06,C753426788,0,0,C0782003663,705893.66,3997768.55,0,1
0,CASH_OUT,60445.9,C0586470445,0,0,C557040902,277470,557537.26,0,0
0,CASH_OUT,386683.04,C0373577787,0,0,C33524623,352623.44,507262.06,0,1
0,CASH_OUT,69854.57,C265577209,0,0,C0806757085,8528230.07,7.00E+05,0,0
0,CASH_OUT,26067.7,C0624807884,0,0,C248609774,3278096.43,6453430.9,1,1
0,CASH_OUT,52757.58,C0007579932,0,0,C0262822392,8356009.04,2.50E+06,0,0
0,CASH_OUT,49660.08,C0784834205,0,0,C450000350,937290.5,3940085.2,0,1
0,CASH_OUT,73503.5,C0074586025,0,0,C0750905043,236639,424250.45,0,0
0,CASH_OUT,66335.32,C0627000097,0,0,C33524623,739306.48,507262.06,1,1
0,CASH_OUT,234268.82,C4073506,0,0,C0750905043,300052.5,424250.45,0,0
0,CASH_OUT,306280.02,C2044825044,0,0,C0360767589,536262.52,2007965.39,0,0
0,CASH_OUT,94620.68,C698747943,0,0,C453200570,600700.98,3460666.05,0,1
0,CASH_OUT,28278.74,C407493402,0,0,C0262822392,8508776.62,2.50E+06,1,1
0,CASH_OUT,256773.54,C0774690057,0,0,C0970489295,888447.97,0,0,1
0,CASH_OUT,5759.02,C480402503,0,0,C0308822808,332876.84,500630.7,0,0
0,CASH_OUT,59390.46,C000445376,0,0,C977993000,73790.34,965870.05,1,1
0,CASH_OUT,30990.26,C0396385390,0,0,C0970489295,45220.5,0,0,0
0,CASH_OUT,65025.3,C004404807,0,0,C977993000,33080.8,965870.05,0,1
0,CASH_OUT,82054.36,C044699438,0,0,C0526298704,74795.04,32092.07,0,0
0,CASH_OUT,69708.79,C0750500625,0,0,C0335050093,70982.88,353532.56,1,0
0,CASH_OUT,9004.26,C0650955365,0,0,C990355670,623,9727.26,0,1
0,CASH_OUT,92553.64,C0788380050,0,0,C0082460067,297655.5,23508.22,0,0
0,CASH_OUT,66302.08,C493944943,0,0,C0750905043,544420.33,424250.45,1,1
0,CASH_OUT,42282.63,C0533547487,0,0,C453200570,805330.66,3460666.05,0,0
0,CASH_OUT,4499.04,C99770475,0,0,C0899073220,29297.57,420946.86,0,1
0,CASH_OUT,76635.24,C727250772,0,0,C357863579,2696.35,92307.65,0,0
0,CASH_OUT,32574,C0052768296,0,0,C977993000,98207,965870.05,0,1
0,CASH_OUT,39485.2,C626093099,0,0,C0883840933,9987286.56,6.90E+06,1,0
0,CASH_OUT,236825.42,C859023506,0,0,C0899073220,243796.7,420946.86,0,0
0,CASH_OUT,327066.09,C0597742067,0,0,C453200570,947604.29,3460666.05,1,1
0,CASH_OUT,56809.6,C503595296,0,0,C0308822808,438635.96,500630.7,0,0
0,CASH_OUT,3036.44,C754072705,0,0,C0023704065,525395.97,402484.09,1,0
0,PAYMENT,4306.89,C908384904,256849.49,252542.6,M905847077,0,0,1,1
0,PAYMENT,8309.52,C056099930,252542.6,244233.08,M878990463,0,0,0,0
0,PAYMENT,5363.35,C602693043,80503.83,76040.48,M0622603647,0,0,0,0
0,PAYMENT,32.42,C307605969,76040.48,76008.06,M73688220,0,0,1,1
0,PAYMENT,9644.08,C030066095,76008.06,56363.98,M0599674462,0,0,0,0
0,PAYMENT,895.24,C0623060829,56363.98,55468.74,M0205483858,0,0,0,1
0,PAYMENT,7640.08,C0373949007,55468.74,47827.66,M0089650769,0,0,1,0
0,PAYMENT,30088.22,C0230003344,47827.66,6639.44,M0607869297,0,0,0,0
0,PAYMENT,3954.75,C680639276,6639.44,2684.69,M727860268,0,0,0,1
0,PAYMENT,497.33,C0707739363,2684.69,0,M038536309,0,0,1,0
0,PAYMENT,5843.75,C665037804,0,0,M509559052,0,0,0,0
0,PAYMENT,7260.2,C0805370847,0,0,M0800020053,0,0,0,1
0,PAYMENT,285.86,C0709578324,0,0,M22446425,0,0,1,0
0,PAYMENT,6249.78,C0338958728,0,0,M0870723838,0,0,0,1
0,PAYMENT,848.74,C988904408,0,0,M260650860,0,0,0,0
0,PAYMENT,6993.7,C938603008,0,0,M0598898804,0,0,0,1
0,PAYMENT,795.29,C0850874900,360,9564.7,M575360353,0,0,1,0
0,PAYMENT,9090.46,C97900029,0,0,M809383305,0,0,0,1
0,CASH_OUT,32038.4,C0324504662,0,0,C998350292,230003.96,5032.48,1,0
0,PAYMENT,6495.27,C908722588,22040,5544.73,M496757837,0,0,0,0
0,PAYMENT,679.68,C0548270808,5544.73,3865.06,M07600354,0,0,0,0
0,TRANSFER,47477.97,C0733056574,6066,0,C0629900500,44658.38,5375.37,1,1
0,DEBIT,260.62,C636959006,483,222.38,C0686000074,86,9837.06,0,0
0,PAYMENT,5034.23,C0059300256,40458,25423.77,M0520568953,0,0,0,1
0,PAYMENT,3238.39,C0605988985,28773,25534.6,M0034202703,0,0,1,1
0,CASH_OUT,250240.04,C0636078473,25534.6,0,C997608398,523053.03,57982.02,0,1
0,PAYMENT,3644.02,C822232602,230,0,M633030207,0,0,0,0
0,CASH_OUT,283023.48,C852090062,497409,204285.52,C0830477404,6872,247063.06,1,1
0,PAYMENT,2850.83,C0674403906,646,7794.07,M0088239990,0,0,1,0
0,CASH_IN,94726.64,C60037730,69854.03,64580.77,C476800020,29704.88,49864.36,1,1
0,PAYMENT,7020.69,C0780293706,64580.77,47560.08,M0658500940,0,0,0,0
0,PAYMENT,6523.09,C0264940544,47560.08,40036.89,M0878992088,0,0,0,1
0,PAYMENT,383.56,C0808449903,5309,3925.44,M0495060082,0,0,1,0
0,DEBIT,580.66,C960859592,30056,29575.34,C0556995360,2298,0,1,1
0,PAYMENT,2466.95,C798278875,34978.24,32500.29,M0497268805,0,0,0,0
0,PAYMENT,7.85,C0926027290,32500.29,30493.45,M0837600499,0,0,0,1
0,PAYMENT,2270.4,C0690050988,60640.02,58369.7,M0228798862,0,0,1,0
0,CASH_OUT,2265.88,C0562764987,58369.7,0,C392292406,438958.75,3420003.09,0,0
0,DEBIT,3758.63,C206376974,29858,6099.37,C0209060283,20305,0,0,1
0,CASH_IN,5220.77,C064704495,46,6267.77,C307070334,0,39555.44,1,1
0,PAYMENT,2256.66,C789982400,20800,8543.34,M0576277927,0,0,0,0
0,PAYMENT,8227.3,C2080643905,6207,0,M2037642385,0,0,0,0
0,PAYMENT,527.05,C0627883052,72420,70893.85,M480553464,0,0,1,1
0,PAYMENT,950.25,C0076966040,204944,203993.75,M0908780622,0,0,0,0
0,PAYMENT,2728.46,C749443480,83636,70907.54,M796553753,0,0,0,1
0,PAYMENT,2.96,C0720045976,8325,7322.04,M975000908,0,0,1,1
0,PAYMENT,6907,C0250582706,3555,6637.9,M907805246,0,0,0,0
0,PAYMENT,977.07,C2009057894,43609,40640.83,M677207562,0,0,0,1
0,PAYMENT,9304.84,C827035437,4536,95220.06,M0706064005,0,0,0,0
0,PAYMENT,57.05,C0360540835,52867,50709.95,M363397863,0,0,1,1
0,DEBIT,3766.99,C2020053848,6600,2833,C0023629720,46066.67,46393.85,0,0
0,PAYMENT,3464.4,C0245593227,5548,2083.59,M0525844775,0,0,0,1
0,CASH_OUT,68662.06,C008555802,2083.59,0,C0740000325,45843.39,363368.5,1,0
0,DEBIT,8679.29,C0233505227,50592,40902.7,C0877453502,20056,0,0,1
0,PAYMENT,5266.05,C0928620590,3679,0,M0006062524,0,0,0,0
0,PAYMENT,8348.75,C858423246,0,0,M0409025235,0,0,1,0
0,PAYMENT,8409.73,C88300993,0,0,M840066420,0,0,0,1
0,PAYMENT,6688.74,C0377300456,9207,2508.26,M938099502,0,0,0,0
0,PAYMENT,979.94,C690779749,82034,80054.06,M37840489,0,0,1,1
0,PAYMENT,9574.3,C0873020466,52463,42888.69,M005945887,0,0,0,0
0,PAYMENT,5287.68,C0927499639,424,6036.32,M2079960240,0,0,0,1
0,PAYMENT,627.08,C949673757,6036.32,0,M0999664206,0,0,0,0
0,PAYMENT,5809.78,C532677950,99884,94074.22,M688593700,0,0,1,0
0,TRANSFER,400363.54,C0200048933,39950,0,C0049807027,52070,60738.03,0,1
0,PAYMENT,4086.5,C862025007,0,0,M739737502,0,0,0,0
0,PAYMENT,9740.22,C0572027577,80762.38,62020.07,M546796969,0,0,0,1
0,PAYMENT,5270.72,C407797083,62020.07,56750.45,M260845800,0,0,1,0
0,CASH_IN,55827.09,C0959708563,9907,65734.09,C0850080796,9873,268668.92,0,0
0,CASH_OUT,74068.82,C0877986974,65734.09,0,C33524623,905640.8,507262.06,0,1
0,TRANSFER,277202.77,C0334405552,277202.77,0,C430687660,0,0,1,0
0,CASH_OUT,277202.77,C467632528,277202.77,0,C706083600,0,2444985.09,0,0
0,CASH_IN,24005.5,C422522663,44,24249.5,C644345897,20875,0,1,0
0,PAYMENT,6854.06,C045066402,9853,2998.94,M207988207,0,0,0,1
0,CASH_OUT,899.09,C0800500978,2998.94,0,C0883840933,0.00E+00,6.90E+06,0,0
0,PAYMENT,230.79,C090300504,20792,9560.2,M799755007,0,0,1,0
0,PAYMENT,3380,C247505092,9560.2,6080,M0850037076,0,0,0,0
0,DEBIT,2869.65,C0556520090,8768,5898.35,C0664439369,5485,5484.37,0,0
0,PAYMENT,658.87,C700487403,6543,4884.03,M566640954,0,0,1,1
0,PAYMENT,823.36,C2039984535,4884.03,4060.77,M299809830,0,0,0,0
0,PAYMENT,7540.47,C0075408534,4060.77,6509.3,M0442038800,0,0,0,0
0,DEBIT,3635.93,C296540232,6929,3293.07,C288665596,95806.79,8496.6,1,0
0,PAYMENT,328.59,C0997357673,4469,3040.4,M0250603002,0,0,0,1
0,TRANSFER,56045.85,C26357357,20528,0,C0058634300,5075,33008.44,0,0
0,PAYMENT,973.08,C0990733609,762,9788.82,M0806378373,0,0,1,1
0,PAYMENT,609.24,C0958592872,30960,30340.76,M0682733268,0,0,0,1
0,DEBIT,300.4,C0395262069,39067,38866.59,C736709390,48749.55,46820.7,0,1
0,TRANSFER,700967.09,C0629454900,5383,0,C0060830840,50767.43,30747.56,1,0
0,PAYMENT,8354.27,C2075372030,5600,0,M2092885024,0,678,0,0
0,DEBIT,5423.28,C2039068000,20280,4857.72,C367746789,523,8906,0,1
0,PAYMENT,708.59,C0653750526,4857.72,4049.03,M67670827,0,565789,1,0
0,PAYMENT,8358.8,C253348306,3467,0,M2003768748,0,789,0,1
0,PAYMENT,2245.62,C094007588,30900,28664.38,M0264674474,0,65,0,1
0,PAYMENT,4593.59,C075595853,78282,73688.4,M0339345635,0,846,1,1
0,PAYMENT,399.66,C0240938980,53760,53360.34,M068957945,0,789,0,1
0,PAYMENT,607.9,C0004430079,507865,506247,M0379048980,0,456,0,0
0,PAYMENT,2067.26,C732597634,3669,500.74,M832432849,0,456787,1,1
0,PAYMENT,9738.95,C2030927075,289748,280009.05,M076040373,0,7890,0,1
0,PAYMENT,3396.25,C0967607997,8524,5027.75,M726843606,0,43423,0,1
0,PAYMENT,6780.78,C925803096,52640,45859.22,M0288035425,0,678,1,1
0,PAYMENT,2284.54,C49308987,539,0,M0058650290,0,23456,0,0
0,PAYMENT,502.6,C2000882926,5056,4653.39,M072508776,0,90876,0,0
0,PAYMENT,8706.47,C205759534,8236,0,M2029844034,0,1279,1,1
0,CASH_OUT,209370.56,C98350968,0,0,C885950223,236285.04,205850.28,0,0
0,CASH_OUT,7023.79,C0278606846,0,0,C22805895,20366.44,650524.92,0,1
0,PAYMENT,890.96,C559050604,4986.72,0,M0240843005,0,0,0,0
0,PAYMENT,4049.86,C697460450,0,0,M0406706087,0,0,1,1
0,PAYMENT,3252.8,C0726606678,0,0,M23076423,0,0,0,0
0,PAYMENT,203.64,C0006624255,86078,84864.36,M0720080000,0,0,0,1
0,PAYMENT,5800.85,C0349025530,40025,35224.05,M0367068823,0,0,0,0
0,PAYMENT,8094.53,C338620258,50950,42855.47,M0250788490,0,0,1,1
0,PAYMENT,3825.39,C0502668485,4094,268.6,M0457550880,0,0,0,0
0,PAYMENT,2062,C903268937,38372.2,26200.09,M424732838,0,0,0,1
0,CASH_OUT,472385.25,C0093840543,26200.09,0,C392292406,540224.63,3420003.09,0,0
0,PAYMENT,3427.34,C305460968,2672,89244.66,M290096578,0,0,1,0
0,PAYMENT,873.03,C255940269,39873,37999.87,M207470033,0,0,0,1
0,PAYMENT,6443.58,C0907784974,546,0,M938405008,0,0,0,0
0,PAYMENT,4008,C855547046,5389,380.99,M200030000,0,0,0,1
0,CASH_OUT,97086.52,C005750207,380.99,0,C998350292,362042.37,5032.48,1,1
0,PAYMENT,220.37,C0074880426,59790,58570.63,M04024949,0,0,0,0
0,DEBIT,683.95,C745627268,6740,5057.05,C0686000074,346.62,9837.06,0,1
0,PAYMENT,2703.67,C0095542839,20200,7496.33,M0000070060,0,0,0,0
0,PAYMENT,4867.56,C030720004,30853.2,25985.64,M560549459,0,0,0,1
0,CASH_OUT,242940.23,C0924227092,25985.64,0,C453200570,274680.48,3460666.05,1,0
0,PAYMENT,4433.98,C583559449,930,6497.02,M0895479349,0,456789,0,1
0,PAYMENT,2068.8,C453670855,653735,650566.2,M0648458262,0,456789,0,0
0,PAYMENT,59.7,C52450302,776,706.3,M650003863,0,456789,0,1
0,PAYMENT,8092,C0856093404,302,0,M023337428,0,456789,1,0
0,PAYMENT,770.54,C005320050,255488,243707.46,M0397333380,0,456789,0,0
0,PAYMENT,576.78,C820878444,8407,6840.22,M2006038900,0,456789,0,1
0,PAYMENT,320.53,C0087400086,6482,6060.47,M0509703998,0,7845,0,0
0,DEBIT,3390.74,C95322593,48020,44630.26,C0336996537,9463,7564,1,0
0,PAYMENT,2736.35,C802255644,22626.55,9890.09,M0525004002,0,89,0,1
0,PAYMENT,6029.92,C0607056006,9890.09,3860.27,M288605534,0,789,0,0
0,PAYMENT,7506.65,C895366343,3860.27,6353.62,M0406665097,0,678,1,1
0,PAYMENT,2620.09,C707635460,2420,99799.9,M609929778,0,45,0,1
0,PAYMENT,582.67,C0624200687,4528,2945.33,M808447005,0,78234,0,0
0,PAYMENT,880.26,C0997344422,5386,4504.74,M0220806049,0,98564,1,1
0,DEBIT,4650.67,C0400367298,35200,30558.33,C824208363,50204.54,89,0,1
0,PAYMENT,8074.06,C454060079,20495,3420.84,M74885833,0,12365,0,1
0,PAYMENT,4337.08,C0827303532,3420.84,9083.76,M0004009692,0,5678999,1,1
0,DEBIT,429.42,C790408866,46064,45634.58,C0793436274,30280,4566.06,0,1
0,PAYMENT,7645.96,C505520300,798,0,M569038567,0,45679,0,1
0,TRANSFER,220654.28,C637090966,22377,0,C476800020,30493.45,49864.36,1,0
0,PAYMENT,932.4,C0428494530,0,0,M443000940,0,56702,0,0
0,PAYMENT,4508.42,C0504320705,8790,4270.58,M900023336,0,789064321,0,1
0,PAYMENT,606.52,C0260487756,50396,48779.48,M455668354,0,4567,1,0
0,PAYMENT,3545.37,C328097868,98028,94482.63,M0584908772,0,235678,0,1
0,CASH_IN,59334.62,C430064562,746897.72,906232.33,C242030042,5735.03,3456,0,0
0,CASH_OUT,334262.07,C0063088324,906232.33,570970.06,C985934002,288904.4,970408.9,1,0
